conid,start,end,open,high,low,close,volume,source
900000001,2023-05-15T13:30:00+00:00,2023-05-16T13:30:00+00:00,412.2200012,413.4299927,410.230011,413.0100098,54289400,yahoo
900000001,2023-05-16T13:30:00+00:00,2023-05-17T13:30:00+00:00,411.8599854,412.8200073,410.2399902,410.25,57705500,yahoo
900000001,2023-05-17T13:30:00+00:00,2023-05-18T13:30:00+00:00,412.3500061,415.8599854,410.6400146,415.230011,87287000,yahoo
900000001,2023-05-18T13:30:00+00:00,2023-05-19T13:30:00+00:00,414.8999939,419.6700134,414.6700134,419.230011,97177200,yahoo
900000001,2023-05-19T13:30:00+00:00,2023-05-22T13:30:00+00:00,420.1700134,420.7200012,417.3500061,418.6199951,103793300,yahoo
900000001,2023-05-22T13:30:00+00:00,2023-05-23T13:30:00+00:00,418.6400146,420.3900146,417.3500061,418.7900085,60745400,yahoo
900000001,2023-05-23T13:30:00+00:00,2023-05-24T13:30:00+00:00,417.0799866,418.7200012,413.6799927,414.0899963,86383500,yahoo
900000001,2023-05-24T13:30:00+00:00,2023-05-25T13:30:00+00:00,412.4200134,412.8200073,409.8800049,411.0899963,89213700,yahoo
900000001,2023-05-25T13:30:00+00:00,2023-05-26T13:30:00+00:00,414.7399902,416.1600037,412.4100037,414.6499939,90961600,yahoo
900000001,2023-05-26T13:30:00+00:00,2023-05-30T13:30:00+00:00,415.3299866,420.769989,415.25,420.019989,93830000,yahoo
900000001,2023-05-30T13:30:00+00:00,2023-05-31T13:30:00+00:00,422.0299988,422.5799866,418.7399902,420.1799927,72216000,yahoo
900000001,2023-05-31T13:30:00+00:00,2023-06-01T13:30:00+00:00,418.2799988,419.2200012,416.2200012,417.8500061,110811800,yahoo
900000001,2023-06-01T13:30:00+00:00,2023-06-02T13:30:00+00:00,418.0899963,422.9200134,416.7900085,421.8200073,88865000,yahoo
900000001,2023-06-02T13:30:00+00:00,2023-06-05T13:30:00+00:00,424.5,428.7399902,423.9500122,427.9200134,91426200,yahoo
900000001,2023-06-05T13:30:00+00:00,2023-06-06T13:30:00+00:00,428.2799988,429.6199951,426.3699951,427.1000061,65460200,yahoo
900000001,2023-06-06T13:30:00+00:00,2023-06-07T13:30:00+00:00,426.6700134,428.5799866,425.9899902,428.0299988,64022200,yahoo
900000001,2023-06-07T13:30:00+00:00,2023-06-08T13:30:00+00:00,428.4400024,429.6199951,426.1099854,426.5499878,85373300,yahoo
900000001,2023-06-08T13:30:00+00:00,2023-06-09T13:30:00+00:00,426.6199951,429.6000061,425.8200073,429.1300049,61952800,yahoo
900000001,2023-06-09T13:30:00+00:00,2023-06-12T13:30:00+00:00,429.9599915,431.9899902,428.8699951,429.8999939,85742800,yahoo
900000001,2023-06-12T13:30:00+00:00,2023-06-13T13:30:00+00:00,430.9200134,433.8800049,430.1700134,433.7999878,76104300,yahoo
900000001,2023-06-13T13:30:00+00:00,2023-06-14T13:30:00+00:00,435.3200073,437.3299866,434.6300049,436.6600037,95899700,yahoo
900000001,2023-06-14T13:30:00+00:00,2023-06-15T13:30:00+00:00,437.0100098,439.0599976,433.5899963,437.1799927,100612100,yahoo
900000001,2023-06-15T13:30:00+00:00,2023-06-16T13:30:00+00:00,436.3299866,443.8999939,436.230011,442.6000061,110303100,yahoo
900000001,2023-06-16T13:30:00+00:00,2023-06-20T13:30:00+00:00,443.019989,443.6099854,438.9700012,439.4599915,114165800,yahoo
900000001,2023-06-20T13:30:00+00:00,2023-06-21T13:30:00+00:00,437.4500122,438.3699951,435.0299988,437.1799927,76160400,yahoo
900000001,2023-06-21T13:30:00+00:00,2023-06-22T13:30:00+00:00,436.1600037,436.9899902,434.3299866,434.9400024,76982300,yahoo
900000001,2023-06-22T13:30:00+00:00,2023-06-23T13:30:00+00:00,433.9500122,436.6199951,433.6000061,436.5100098,70637200,yahoo
900000001,2023-06-23T13:30:00+00:00,2023-06-26T13:30:00+00:00,432.9299927,435.0599976,432.4700012,433.2099915,92074500,yahoo
900000001,2023-06-26T13:30:00+00:00,2023-06-27T13:30:00+00:00,432.6199951,434.6099854,431.1900024,431.4400024,72823600,yahoo
900000001,2023-06-27T13:30:00+00:00,2023-06-28T13:30:00+00:00,432.3500061,436.8099976,431.8800049,436.1700134,72813700,yahoo
900000001,2023-06-28T13:30:00+00:00,2023-06-29T13:30:00+00:00,435.0499878,437.4400024,434.4100037,436.3900146,75636000,yahoo
900000001,2023-06-29T13:30:00+00:00,2023-06-30T13:30:00+00:00,435.9599915,438.2799988,435.5400085,438.1099854,67882300,yahoo
900000001,2023-06-30T13:30:00+00:00,2023-07-03T13:30:00+00:00,441.4400024,444.2999878,441.1099854,443.2799988,104964000,yahoo
900000001,2023-07-03T13:30:00+00:00,2023-07-05T13:30:00+00:00,442.9200134,444.0799866,442.6300049,443.7900085,32793400,yahoo
900000001,2023-07-05T13:30:00+00:00,2023-07-06T13:30:00+00:00,441.9100037,443.8900146,441.8999939,443.1300049,58418400,yahoo
900000001,2023-07-06T13:30:00+00:00,2023-07-07T13:30:00+00:00,439.4200134,440.1000061,437.0599976,439.6600037,80658300,yahoo
900000001,2023-07-07T13:30:00+00:00,2023-07-10T13:30:00+00:00,438.6300049,442.6400146,438.2999878,438.5499878,86134200,yahoo
900000001,2023-07-10T13:30:00+00:00,2023-07-11T13:30:00+00:00,438.1799927,439.8399963,437.5899963,439.6600037,62443500,yahoo
900000001,2023-07-11T13:30:00+00:00,2023-07-12T13:30:00+00:00,440.4500122,442.9700012,439.4400024,442.4599915,64463800,yahoo
900000001,2023-07-12T13:30:00+00:00,2023-07-13T13:30:00+00:00,446.3900146,447.480011,444.9100037,446.019989,91924500,yahoo
900000001,2023-07-13T13:30:00+00:00,2023-07-14T13:30:00+00:00,447.8999939,450.3800049,447.4500122,449.5599976,72425200,yahoo
900000001,2023-07-14T13:30:00+00:00,2023-07-17T13:30:00+00:00,450.480011,451.3599854,448.4899902,449.2799988,69815800,yahoo
900000001,2023-07-17T13:30:00+00:00,2023-07-18T13:30:00+00:00,449.1300049,451.9299927,449.0799866,450.8399963,52680200,yahoo
900000001,2023-07-18T13:30:00+00:00,2023-07-19T13:30:00+00:00,450.5,454.8599854,450.0499878,454.1900024,80668200,yahoo
900000001,2023-07-19T13:30:00+00:00,2023-07-20T13:30:00+00:00,455.0100098,456.4299927,454.1099854,455.2000122,65891700,yahoo
900000001,2023-07-20T13:30:00+00:00,2023-07-21T13:30:00+00:00,454.1700134,455.1000061,451.4400024,452.1799927,70591600,yahoo
900000001,2023-07-21T13:30:00+00:00,2023-07-24T13:30:00+00:00,453.9599915,454.1700134,452.1700134,452.1799927,71275600,yahoo
900000001,2023-07-24T13:30:00+00:00,2023-07-25T13:30:00+00:00,453.3699951,455.0400085,452.2999878,454.2000122,54023400,yahoo
900000001,2023-07-25T13:30:00+00:00,2023-07-26T13:30:00+00:00,453.9200134,456.7399902,453.8699951,455.4400024,55191200,yahoo
900000001,2023-07-26T13:30:00+00:00,2023-07-27T13:30:00+00:00,454.4700012,456.9899902,453.3800049,455.5100098,71052900,yahoo
900000001,2023-07-27T13:30:00+00:00,2023-07-28T13:30:00+00:00,459.019989,459.4400024,451.5499878,452.4899902,92194400,yahoo
900000001,2023-07-28T13:30:00+00:00,2023-07-31T13:30:00+00:00,455.8800049,457.7799988,452.4899902,456.9200134,80011800,yahoo
900000001,2023-07-31T13:30:00+00:00,2023-08-01T13:30:00+00:00,457.4100037,458.1600037,456.0499878,457.7900085,62040400,yahoo
900000001,2023-08-01T13:30:00+00:00,2023-08-02T13:30:00+00:00,456.269989,457.25,455.4899902,456.480011,55291500,yahoo
900000001,2023-08-02T13:30:00+00:00,2023-08-03T13:30:00+00:00,453.25,453.519989,449.3500061,450.1300049,93933400,yahoo
900000001,2023-08-03T13:30:00+00:00,2023-08-04T13:30:00+00:00,448.0400085,450.7900085,447.3699951,448.8399963,64276100,yahoo
900000001,2023-08-04T13:30:00+00:00,2023-08-07T13:30:00+00:00,450.7200012,452.8999939,446.269989,446.8099976,100128900,yahoo
900000001,2023-08-07T13:30:00+00:00,2023-08-08T13:30:00+00:00,448.7099915,450.8699951,447.9899902,450.7099915,58357500,yahoo
900000001,2023-08-08T13:30:00+00:00,2023-08-09T13:30:00+00:00,448.0799866,450.7000122,445.269989,448.75,71361300,yahoo
900000001,2023-08-09T13:30:00+00:00,2023-08-10T13:30:00+00:00,449.0299988,449.2000122,444.9599915,445.75,78789600,yahoo
900000001,2023-08-10T13:30:00+00:00,2023-08-11T13:30:00+00:00,448.1900024,451.7000122,444.7000122,445.9100037,93005500,yahoo
900000001,2023-08-11T13:30:00+00:00,2023-08-14T13:30:00+00:00,443.9700012,446.7000122,443.3500061,445.6499939,68690900,yahoo
900000001,2023-08-14T13:30:00+00:00,2023-08-15T13:30:00+00:00,444.7000122,448.1099854,444.3800049,448.1099854,47867400,yahoo
900000001,2023-08-15T13:30:00+00:00,2023-08-16T13:30:00+00:00,446.269989,446.6400146,442.2999878,442.8900146,75707500,yahoo
900000001,2023-08-16T13:30:00+00:00,2023-08-17T13:30:00+00:00,442.4599915,444.1799927,439.5299988,439.6400146,80107200,yahoo
900000001,2023-08-17T13:30:00+00:00,2023-08-18T13:30:00+00:00,441.1600037,441.4299927,435.75,436.2900085,95711300,yahoo
900000001,2023-08-18T13:30:00+00:00,2023-08-21T13:30:00+00:00,433.3699951,437.5700073,433.0100098,436.5,98852000,yahoo
900000001,2023-08-21T13:30:00+00:00,2023-08-22T13:30:00+00:00,437.5499878,440.1099854,435.3200073,439.3399963,68719000,yahoo
900000001,2023-08-22T13:30:00+00:00,2023-08-23T13:30:00+00:00,441.1799927,441.1799927,437.5700073,438.1499939,64994200,yahoo
900000001,2023-08-23T13:30:00+00:00,2023-08-24T13:30:00+00:00,439.25,443.6700134,439.1000061,443.0299988,68441000,yahoo
900000001,2023-08-24T13:30:00+00:00,2023-08-25T13:30:00+00:00,444.6900024,445.2200012,436.8599854,436.8900146,88517300,yahoo
900000001,2023-08-25T13:30:00+00:00,2023-08-28T13:30:00+00:00,438.6799927,441.2999878,435,439.9700012,102325100,yahoo
900000001,2023-08-28T13:30:00+00:00,2023-08-29T13:30:00+00:00,442.2399902,443.3999939,439.9700012,442.7600098,61595400,yahoo
900000001,2023-08-29T13:30:00+00:00,2023-08-30T13:30:00+00:00,442.6499939,449.4500122,442.4599915,449.1600037,83081900,yahoo
900000001,2023-08-30T13:30:00+00:00,2023-08-31T13:30:00+00:00,449.5100098,451.6700134,448.7799988,451.0100098,69053900,yahoo
900000001,2023-08-31T13:30:00+00:00,2023-09-01T13:30:00+00:00,451.6499939,452.8299866,450.1600037,450.3500061,66084600,yahoo
900000001,2023-09-01T13:30:00+00:00,2023-09-05T13:30:00+00:00,453.1700134,453.6700134,449.6799927,451.1900024,58944100,yahoo
900000001,2023-09-05T13:30:00+00:00,2023-09-06T13:30:00+00:00,450.730011,451.0599976,449.1700134,449.2399902,55166200,yahoo
900000001,2023-09-06T13:30:00+00:00,2023-09-07T13:30:00+00:00,448.3999939,448.5100098,443.8099976,446.2200012,70758500,yahoo
900000001,2023-09-07T13:30:00+00:00,2023-09-08T13:30:00+00:00,443.1099854,445.5499878,442.75,444.8500061,70355400,yahoo
900000001,2023-09-08T13:30:00+00:00,2023-09-11T13:30:00+00:00,444.8999939,447.1099854,444.5299988,445.519989,61659700,yahoo
900000001,2023-09-11T13:30:00+00:00,2023-09-12T13:30:00+00:00,448.2399902,448.769989,446.4700012,448.4500122,60180100,yahoo
900000001,2023-09-12T13:30:00+00:00,2023-09-13T13:30:00+00:00,446.9500122,448.5299988,445.3900146,445.9899902,67565400,yahoo
900000001,2023-09-13T13:30:00+00:00,2023-09-14T13:30:00+00:00,446.2200012,447.7099915,445.0799866,446.5100098,60199300,yahoo
900000001,2023-09-14T13:30:00+00:00,2023-09-15T13:30:00+00:00,449.0700073,451.0799866,447.7200012,450.3599854,83430800,yahoo
900000001,2023-09-15T13:30:00+00:00,2023-09-18T13:30:00+00:00,447.1400146,447.480011,442.9200134,443.3699951,111848900,yahoo
900000001,2023-09-18T13:30:00+00:00,2023-09-19T13:30:00+00:00,443.0499878,444.9700012,442.5599976,443.6300049,55752200,yahoo
900000001,2023-09-19T13:30:00+00:00,2023-09-20T13:30:00+00:00,442.6799927,443.2900085,439.9400024,442.7099915,66514600,yahoo
900000001,2023-09-20T13:30:00+00:00,2023-09-21T13:30:00+00:00,444.0100098,444.4400024,438.4299927,438.6400146,82562600,yahoo
900000001,2023-09-21T13:30:00+00:00,2023-09-22T13:30:00+00:00,435.7000122,435.9700012,431.230011,431.3900146,104095800,yahoo
900000001,2023-09-22T13:30:00+00:00,2023-09-25T13:30:00+00:00,432.4500122,434.1000061,429.9899902,430.4200134,100829700,yahoo
900000001,2023-09-25T13:30:00+00:00,2023-09-26T13:30:00+00:00,429.1700134,432.269989,428.7200012,432.230011,70874500,yahoo
900000001,2023-09-26T13:30:00+00:00,2023-09-27T13:30:00+00:00,429.0899963,429.8200073,425.019989,425.8800049,96168400,yahoo
900000001,2023-09-27T13:30:00+00:00,2023-09-28T13:30:00+00:00,427.0899963,427.6700134,422.2900085,426.0499878,104705800,yahoo
900000001,2023-09-28T13:30:00+00:00,2023-09-29T13:30:00+00:00,425.480011,430.25,424.8699951,428.519989,92258300,yahoo
900000001,2023-09-29T13:30:00+00:00,2023-10-02T13:30:00+00:00,431.6700134,431.8500061,425.9100037,427.480011,115111300,yahoo
900000001,2023-10-02T13:30:00+00:00,2023-10-03T13:30:00+00:00,426.6199951,428.6000061,424.4599915,427.3099976,83798600,yahoo
900000001,2023-10-03T13:30:00+00:00,2023-10-04T13:30:00+00:00,425.0599976,427.3699951,420.1799927,421.5899963,103760600,yahoo
900000001,2023-10-04T13:30:00+00:00,2023-10-05T13:30:00+00:00,422.0700073,425.4299927,420.5599976,424.6600037,87453000,yahoo
900000001,2023-10-05T13:30:00+00:00,2023-10-06T13:30:00+00:00,424.3599854,425.3699951,421.1700134,424.5,70142700,yahoo
900000001,2023-10-06T13:30:00+00:00,2023-10-09T13:30:00+00:00,421.9700012,431.1300049,420.6000061,429.5400085,113273300,yahoo
900000001,2023-10-09T13:30:00+00:00,2023-10-10T13:30:00+00:00,427.5799866,432.8800049,427.0100098,432.2900085,80374400,yahoo
900000001,2023-10-10T13:30:00+00:00,2023-10-11T13:30:00+00:00,432.9400024,437.2200012,432.5299988,434.5400085,78607300,yahoo
900000001,2023-10-11T13:30:00+00:00,2023-10-12T13:30:00+00:00,435.6400146,436.5799866,433.1799927,436.3200073,62451700,yahoo
900000001,2023-10-12T13:30:00+00:00,2023-10-13T13:30:00+00:00,436.9500122,437.3399963,431.230011,433.6600037,81154200,yahoo
900000001,2023-10-13T13:30:00+00:00,2023-10-16T13:30:00+00:00,435.2099915,436.4500122,429.8800049,431.5,95143100,yahoo
900000001,2023-10-16T13:30:00+00:00,2023-10-17T13:30:00+00:00,433.8200073,437.1400146,433.5700073,436.0400085,75433200,yahoo
900000001,2023-10-17T13:30:00+00:00,2023-10-18T13:30:00+00:00,432.8099976,438.1400146,432.4500122,436.019989,75324700,yahoo
900000001,2023-10-18T13:30:00+00:00,2023-10-19T13:30:00+00:00,434.1900024,435.1799927,429.0899963,430.2099915,93559800,yahoo
900000001,2023-10-19T13:30:00+00:00,2023-10-20T13:30:00+00:00,430.9500122,432.8200073,425.730011,426.4299927,121323000,yahoo
900000001,2023-10-20T13:30:00+00:00,2023-10-23T13:30:00+00:00,425.980011,426.5400085,421.0799866,421.1900024,123919900,yahoo
900000001,2023-10-23T13:30:00+00:00,2023-10-24T13:30:00+00:00,419.6099854,424.4500122,417.7999878,420.4599915,92035100,yahoo
900000001,2023-10-24T13:30:00+00:00,2023-10-25T13:30:00+00:00,422.6499939,424.8200073,420.7399902,423.6300049,78564200,yahoo
900000001,2023-10-25T13:30:00+00:00,2023-10-26T13:30:00+00:00,421.8900146,421.9200134,417.019989,417.5499878,94223200,yahoo
900000001,2023-10-26T13:30:00+00:00,2023-10-27T13:30:00+00:00,416.4500122,417.3299866,411.6000061,412.5499878,115156800,yahoo
900000001,2023-10-27T13:30:00+00:00,2023-10-30T13:30:00+00:00,414.1900024,414.6000061,409.2099915,410.6799927,107367700,yahoo
900000001,2023-10-30T13:30:00+00:00,2023-10-31T13:30:00+00:00,413.5599976,416.6799927,412.2200012,415.5899963,86562700,yahoo
900000001,2023-10-31T13:30:00+00:00,2023-11-01T13:30:00+00:00,416.1799927,418.5299988,414.2099915,418.2000122,79665200,yahoo
900000001,2023-11-01T13:30:00+00:00,2023-11-02T13:30:00+00:00,419.2000122,423.5,418.6499939,422.6600037,98068100,yahoo
900000001,2023-11-02T13:30:00+00:00,2023-11-03T13:30:00+00:00,426.5799866,430.9200134,426.5599976,430.7600098,94938900,yahoo
900000001,2023-11-03T13:30:00+00:00,2023-11-06T14:30:00+00:00,433.1400146,436.2900085,433.0100098,434.6900024,100167800,yahoo
900000001,2023-11-06T14:30:00+00:00,2023-11-07T14:30:00+00:00,435.4700012,436.1499939,433.6799927,435.6900024,67831700,yahoo
900000001,2023-11-07T14:30:00+00:00,2023-11-08T14:30:00+00:00,435.6900024,437.5899963,434.5100098,436.9299927,64256100,yahoo
900000001,2023-11-08T14:30:00+00:00,2023-11-09T14:30:00+00:00,437.5499878,438.0899963,434.8699951,437.25,61746000,yahoo
900000001,2023-11-09T14:30:00+00:00,2023-11-10T14:30:00+00:00,438.4299927,438.4700012,433.3999939,433.8399963,83174400,yahoo
900000001,2023-11-10T14:30:00+00:00,2023-11-13T14:30:00+00:00,435.980011,440.9299927,433.8299866,440.6099854,89462200,yahoo
900000001,2023-11-13T14:30:00+00:00,2023-11-14T14:30:00+00:00,439.230011,441.3299866,438.4200134,440.1900024,52236100,yahoo
900000001,2023-11-14T14:30:00+00:00,2023-11-15T14:30:00+00:00,446.3200073,450.0599976,446.0899963,448.730011,97176900,yahoo
900000001,2023-11-15T14:30:00+00:00,2023-11-16T14:30:00+00:00,450.1099854,451.3800049,448.7999878,449.6799927,77327600,yahoo
900000001,2023-11-16T14:30:00+00:00,2023-11-17T14:30:00+00:00,449.2200012,450.5599976,448.1199951,450.230011,66665800,yahoo
900000001,2023-11-17T14:30:00+00:00,2023-11-20T14:30:00+00:00,450.2399902,451.4200134,449.2900085,450.7900085,83133200,yahoo
900000001,2023-11-20T14:30:00+00:00,2023-11-21T14:30:00+00:00,450.5299988,455.1300049,450.519989,454.2600098,69936200,yahoo
900000001,2023-11-21T14:30:00+00:00,2023-11-22T14:30:00+00:00,453.1799927,454.1300049,451.9599915,453.269989,49244600,yahoo
900000001,2023-11-22T14:30:00+00:00,2023-11-24T14:30:00+00:00,454.980011,456.3800049,453.8900146,455.019989,59394900,yahoo
900000001,2023-11-24T14:30:00+00:00,2023-11-27T14:30:00+00:00,455.0700073,455.5,454.730011,455.2999878,29737400,yahoo
900000001,2023-11-27T14:30:00+00:00,2023-11-28T14:30:00+00:00,454.6499939,455.4899902,454.0799866,454.480011,50506000,yahoo
900000001,2023-11-28T14:30:00+00:00,2023-11-29T14:30:00+00:00,454.0799866,456.269989,453.5,454.9299927,62115000,yahoo
900000001,2023-11-29T14:30:00+00:00,2023-11-30T14:30:00+00:00,457.1499939,458.3200073,454.2000122,454.6099854,63146000,yahoo
900000001,2023-11-30T14:30:00+00:00,2023-12-01T14:30:00+00:00,455.480011,456.7600098,453.3399963,456.3999939,79752700,yahoo
900000001,2023-12-01T14:30:00+00:00,2023-12-04T14:30:00+00:00,455.769989,459.6499939,455.1600037,459.1000061,89183400,yahoo
900000001,2023-12-04T14:30:00+00:00,2023-12-05T14:30:00+00:00,455.6000061,459.1199951,454.3399963,456.6900024,72430900,yahoo
900000001,2023-12-05T14:30:00+00:00,2023-12-06T14:30:00+00:00,455.2600098,457.5899963,454.8699951,456.6000061,69793500,yahoo
900000001,2023-12-06T14:30:00+00:00,2023-12-07T14:30:00+00:00,458.8099976,458.8399963,454.3099976,454.7600098,69124700,yahoo
900000001,2023-12-07T14:30:00+00:00,2023-12-08T14:30:00+00:00,456.9100037,458.8999939,456.2900085,458.230011,66995400,yahoo
900000001,2023-12-08T14:30:00+00:00,2023-12-11T14:30:00+00:00,457.4599915,460.75,457.2099915,460.2000122,83194400,yahoo
900000001,2023-12-11T14:30:00+00:00,2023-12-12T14:30:00+00:00,459.6900024,462.1700134,459.4700012,461.9899902,65002200,yahoo
900000001,2023-12-12T14:30:00+00:00,2023-12-13T14:30:00+00:00,461.6300049,464.2000122,460.6000061,464.1000061,68327600,yahoo
900000001,2023-12-13T14:30:00+00:00,2023-12-14T14:30:00+00:00,464.4899902,470.7600098,464.1199951,470.5,93278000,yahoo
900000001,2023-12-14T14:30:00+00:00,2023-12-15T14:30:00+00:00,472.5,473.730011,469.25,472.0100098,119026000,yahoo
900000001,2023-12-15T14:30:00+00:00,2023-12-18T14:30:00+00:00,469.4899902,470.7000122,467.4299927,469.3299866,141553700,yahoo
900000001,2023-12-18T14:30:00+00:00,2023-12-19T14:30:00+00:00,470.980011,472.980011,469.8900146,471.9700012,70375300,yahoo
900000001,2023-12-19T14:30:00+00:00,2023-12-20T14:30:00+00:00,472.5299988,474.9200134,472.4500122,474.8399963,55761800,yahoo
900000001,2023-12-20T14:30:00+00:00,2023-12-21T14:30:00+00:00,473.9599915,475.8999939,467.8200073,468.2600098,102921000,yahoo
900000001,2023-12-21T14:30:00+00:00,2023-12-22T14:30:00+00:00,471.3299866,472.980011,468.8399963,472.7000122,86667500,yahoo
900000001,2023-12-22T14:30:00+00:00,2023-12-26T14:30:00+00:00,473.8599854,475.3800049,471.7000122,473.6499939,67160400,yahoo
900000001,2023-12-26T14:30:00+00:00,2023-12-27T14:30:00+00:00,474.0700073,476.5799866,473.9899902,475.6499939,55387000,yahoo
900000001,2023-12-27T14:30:00+00:00,2023-12-28T14:30:00+00:00,475.4400024,476.6600037,474.8900146,476.5100098,68000300,yahoo
900000001,2023-12-28T14:30:00+00:00,2023-12-29T14:30:00+00:00,476.8800049,477.5499878,476.2600098,476.6900024,77158100,yahoo
900000001,2023-12-29T14:30:00+00:00,2024-01-02T14:30:00+00:00,476.4899902,477.0299988,473.2999878,475.3099976,122283100,yahoo
900000001,2024-01-02T14:30:00+00:00,2024-01-03T14:30:00+00:00,472.1600037,473.6700134,470.4899902,472.6499939,123623700,yahoo
900000001,2024-01-03T14:30:00+00:00,2024-01-04T14:30:00+00:00,470.4299927,471.1900024,468.1700134,468.7900085,103585900,yahoo
900000001,2024-01-04T14:30:00+00:00,2024-01-05T14:30:00+00:00,468.2999878,470.9599915,467.0499878,467.2799988,84232200,yahoo
900000001,2024-01-05T14:30:00+00:00,2024-01-08T14:30:00+00:00,467.4899902,470.4400024,466.4299927,467.9200134,86118900,yahoo
900000001,2024-01-08T14:30:00+00:00,2024-01-09T14:30:00+00:00,468.4299927,474.75,468.2999878,474.6000061,74879100,yahoo
900000001,2024-01-09T14:30:00+00:00,2024-01-10T14:30:00+00:00,471.8699951,474.9299927,471.3500061,473.8800049,65931400,yahoo
900000001,2024-01-10T14:30:00+00:00,2024-01-11T14:30:00+00:00,474.1600037,477.4500122,473.8699951,476.5599976,67310600,yahoo
900000001,2024-01-11T14:30:00+00:00,2024-01-12T14:30:00+00:00,477.5899963,478.1199951,472.2600098,476.3500061,77940700,yahoo
900000001,2024-01-12T14:30:00+00:00,2024-01-16T14:30:00+00:00,477.8399963,478.6000061,475.230011,476.6799927,58026400,yahoo
900000001,2024-01-16T14:30:00+00:00,2024-01-17T14:30:00+00:00,475.2600098,476.6099854,473.0599976,474.9299927,85014900,yahoo
900000001,2024-01-17T14:30:00+00:00,2024-01-18T14:30:00+00:00,471.8200073,472.7900085,469.8699951,472.2900085,68843900,yahoo
900000001,2024-01-18T14:30:00+00:00,2024-01-19T14:30:00+00:00,474.0100098,477.0599976,472.4200134,476.4899902,91856200,yahoo
900000001,2024-01-19T14:30:00+00:00,2024-01-22T14:30:00+00:00,477.6499939,482.7200012,476.5400085,482.4299927,110834500,yahoo
900000001,2024-01-22T14:30:00+00:00,2024-01-23T14:30:00+00:00,484.0100098,485.2200012,482.7799988,483.4500122,75844900,yahoo
900000001,2024-01-23T14:30:00+00:00,2024-01-24T14:30:00+00:00,484.0100098,485.1099854,482.8900146,484.8599854,49945300,yahoo
900000001,2024-01-24T14:30:00+00:00,2024-01-25T14:30:00+00:00,487.8099976,488.769989,484.8800049,485.3900146,81765000,yahoo
900000001,2024-01-25T14:30:00+00:00,2024-01-26T14:30:00+00:00,487.5799866,488.3099976,485.3900146,488.0299988,72525000,yahoo
900000001,2024-01-26T14:30:00+00:00,2024-01-29T14:30:00+00:00,487.5899963,489.1199951,486.5400085,487.4100037,76641600,yahoo
900000001,2024-01-29T14:30:00+00:00,2024-01-30T14:30:00+00:00,487.730011,491.4200134,487.1700134,491.269989,61322800,yahoo
900000001,2024-01-30T14:30:00+00:00,2024-01-31T14:30:00+00:00,490.5599976,491.6199951,490.1099854,490.8900146,58618400,yahoo
900000001,2024-01-31T14:30:00+00:00,2024-02-01T14:30:00+00:00,488.6199951,489.0799866,482.8599854,482.8800049,126011100,yahoo
900000001,2024-02-01T14:30:00+00:00,2024-02-02T14:30:00+00:00,484.6300049,489.230011,483.7999878,489.2000122,91891600,yahoo
900000001,2024-02-02T14:30:00+00:00,2024-02-05T14:30:00+00:00,489.6499939,496.0499878,489.2999878,494.3500061,99228200,yahoo
900000001,2024-02-05T14:30:00+00:00,2024-02-06T14:30:00+00:00,493.7000122,494.3800049,490.230011,492.5499878,75757100,yahoo
900000001,2024-02-06T14:30:00+00:00,2024-02-07T14:30:00+00:00,493.519989,494.3200073,492.0499878,493.980011,55918600,yahoo
900000001,2024-02-07T14:30:00+00:00,2024-02-08T14:30:00+00:00,496.2900085,498.5299988,495.3599854,498.1000061,70556500,yahoo
900000001,2024-02-08T14:30:00+00:00,2024-02-09T14:30:00+00:00,498.1000061,498.7099915,497.2600098,498.3200073,52343600,yahoo
900000001,2024-02-09T14:30:00+00:00,2024-02-12T14:30:00+00:00,498.8399963,501.6499939,498.4899902,501.2000122,63979400,yahoo
900000001,2024-02-12T14:30:00+00:00,2024-02-13T14:30:00+00:00,501.1700134,503.5,500.2399902,500.980011,56502300,yahoo
900000001,2024-02-13T14:30:00+00:00,2024-02-14T14:30:00+00:00,494.5299988,497.0899963,490.7200012,494.0799866,113099200,yahoo
900000001,2024-02-14T14:30:00+00:00,2024-02-15T14:30:00+00:00,496.7900085,499.0700073,494.3999939,498.5700073,68387800,yahoo
900000001,2024-02-15T14:30:00+00:00,2024-02-16T14:30:00+00:00,499.2900085,502.2000122,498.7999878,502.0100098,61683000,yahoo
900000001,2024-02-16T14:30:00+00:00,2024-02-20T14:30:00+00:00,501.7000122,502.8699951,498.75,499.5100098,75532900,yahoo
900000001,2024-02-20T14:30:00+00:00,2024-02-21T14:30:00+00:00,497.7200012,498.4100037,494.4500122,496.7600098,71736700,yahoo
900000001,2024-02-21T14:30:00+00:00,2024-02-22T14:30:00+00:00,495.4200134,497.3699951,493.5599976,497.2099915,59293400,yahoo
900000001,2024-02-22T14:30:00+00:00,2024-02-23T14:30:00+00:00,504.0100098,508.4899902,503.019989,507.5,76402500,yahoo
900000001,2024-02-23T14:30:00+00:00,2024-02-26T14:30:00+00:00,509.269989,510.1300049,507.1000061,507.8500061,61321800,yahoo
900000001,2024-02-26T14:30:00+00:00,2024-02-27T14:30:00+00:00,508.2999878,508.75,505.8599854,505.9899902,50386700,yahoo
900000001,2024-02-27T14:30:00+00:00,2024-02-28T14:30:00+00:00,506.7000122,507.1600037,504.75,506.9299927,48854500,yahoo
900000001,2024-02-28T14:30:00+00:00,2024-02-29T14:30:00+00:00,505.3299866,506.8599854,504.9599915,506.2600098,56506600,yahoo
900000001,2024-02-29T14:30:00+00:00,2024-03-01T14:30:00+00:00,508.0700073,509.7399902,505.3500061,508.0799866,83924800,yahoo
900000001,2024-03-01T14:30:00+00:00,2024-03-04T14:30:00+00:00,508.980011,513.289978,508.5599976,512.8499756,76844800,yahoo
900000001,2024-03-04T14:30:00+00:00,2024-03-05T14:30:00+00:00,512.0300293,514.2000122,512,512.2999878,49799300,yahoo
900000001,2024-03-05T14:30:00+00:00,2024-03-06T14:30:00+00:00,510.2399902,510.7000122,504.9100037,507.1799927,72855600,yahoo
900000001,2024-03-06T14:30:00+00:00,2024-03-07T14:30:00+00:00,510.5499878,512.0700073,508.4200134,509.75,68382400,yahoo
900000001,2024-03-07T14:30:00+00:00,2024-03-08T14:30:00+00:00,513.1400146,515.8900146,509.8099976,514.8099976,58652100,yahoo
900000001,2024-03-08T14:30:00+00:00,2024-03-11T13:30:00+00:00,515.460022,518.2199707,511.1300049,511.7200012,86532500,yahoo
900000001,2024-03-11T13:30:00+00:00,2024-03-12T13:30:00+00:00,510.480011,511.8800049,508.5,511.2799988,62557200,yahoo
900000001,2024-03-12T13:30:00+00:00,2024-03-13T13:30:00+00:00,513.4500122,517.3800049,510.8599854,516.7800293,73114400,yahoo
900000001,2024-03-13T13:30:00+00:00,2024-03-14T13:30:00+00:00,517.1099854,517.289978,514.4899902,515.9699707,55104100,yahoo
900000001,2024-03-14T13:30:00+00:00,2024-03-15T13:30:00+00:00,516.9699707,517.1300049,511.8200073,514.9500122,110171800,yahoo
900000001,2024-03-15T13:30:00+00:00,2024-03-18T13:30:00+00:00,510.2099915,511.7000122,508.1199951,509.8299866,107646300,yahoo
900000001,2024-03-18T13:30:00+00:00,2024-03-19T13:30:00+00:00,514,515.4799805,512.4400024,512.8599854,88893300,yahoo
900000001,2024-03-19T13:30:00+00:00,2024-03-20T13:30:00+00:00,512.1500244,516,511.1199951,515.710022,60755300,yahoo
900000001,2024-03-20T13:30:00+00:00,2024-03-21T13:30:00+00:00,515.7700195,520.6199951,515.0800171,520.4799805,69594600,yahoo
900000001,2024-03-21T13:30:00+00:00,2024-03-22T13:30:00+00:00,523.3900146,524.1099854,521.9099731,522.2000122,60256100,yahoo
900000001,2024-03-22T13:30:00+00:00,2024-03-25T13:30:00+00:00,522.1099854,522.6099854,520.9699707,521.210022,79070800,yahoo
900000001,2024-03-25T13:30:00+00:00,2024-03-26T13:30:00+00:00,519.7999878,520.9500122,519.6099854,519.7700195,48512100,yahoo
900000001,2024-03-26T13:30:00+00:00,2024-03-27T13:30:00+00:00,521.2299805,521.5800171,518.4000244,518.8099976,65463700,yahoo
900000001,2024-03-27T13:30:00+00:00,2024-03-28T13:30:00+00:00,521.710022,523.210022,519.4899902,523.1699829,82999800,yahoo
900000001,2024-03-28T13:30:00+00:00,2024-04-01T13:30:00+00:00,523.210022,524.6099854,522.7800293,523.0700073,96294900,yahoo
900000001,2024-04-01T13:30:00+00:00,2024-04-02T13:30:00+00:00,523.8300171,524.3800049,520.9699707,522.1599731,62477500,yahoo
900000001,2024-04-02T13:30:00+00:00,2024-04-03T13:30:00+00:00,518.2399902,518.9799805,516.4799805,518.8400269,74230300,yahoo
900000001,2024-04-03T13:30:00+00:00,2024-04-04T13:30:00+00:00,517.7199707,520.9500122,517.6699829,519.4099731,59155800,yahoo
900000001,2024-04-04T13:30:00+00:00,2024-04-05T13:30:00+00:00,523.5200195,523.8699951,512.7600098,513.0700073,96858100,yahoo
900000001,2024-04-05T13:30:00+00:00,2024-04-08T13:30:00+00:00,514.460022,520.4400024,514.0100098,518.4299927,74546500,yahoo
900000001,2024-04-08T13:30:00+00:00,2024-04-09T13:30:00+00:00,519.1500244,520.1799927,517.8900146,518.7199707,48401800,yahoo
900000001,2024-04-09T13:30:00+00:00,2024-04-10T13:30:00+00:00,520.5,520.75,514.3499756,519.3200073,68049200,yahoo
900000001,2024-04-10T13:30:00+00:00,2024-04-11T13:30:00+00:00,513.4799805,516.1599731,512.0900269,514.1199951,82652800,yahoo
900000001,2024-04-11T13:30:00+00:00,2024-04-12T13:30:00+00:00,515.6799927,519.4799805,512.0800171,518,70099000,yahoo
900000001,2024-04-12T13:30:00+00:00,2024-04-15T13:30:00+00:00,514.3699951,515.8200073,509.0799866,510.8500061,92561100,yahoo
900000001,2024-04-15T13:30:00+00:00,2024-04-16T13:30:00+00:00,515.1300049,515.2999878,503.5799866,504.4500122,92101400,yahoo
900000001,2024-04-16T13:30:00+00:00,2024-04-17T13:30:00+00:00,504.9400024,506.5,502.2099915,503.5299988,73484000,yahoo
900000001,2024-04-17T13:30:00+00:00,2024-04-18T13:30:00+00:00,506.0499878,506.2200012,499.1199951,500.5499878,75910300,yahoo
900000001,2024-04-18T13:30:00+00:00,2024-04-19T13:30:00+00:00,501.980011,504.1300049,498.5599976,499.519989,74548100,yahoo
900000001,2024-04-19T13:30:00+00:00,2024-04-22T13:30:00+00:00,499.4400024,500.4599915,493.8599854,495.1600037,102212600,yahoo
900000001,2024-04-22T13:30:00+00:00,2024-04-23T13:30:00+00:00,497.8299866,502.3800049,495.4299927,499.7200012,67961000,yahoo
900000001,2024-04-23T13:30:00+00:00,2024-04-24T13:30:00+00:00,501.7799988,506.0899963,499.5299988,505.6499939,64633600,yahoo
900000001,2024-04-24T13:30:00+00:00,2024-04-25T13:30:00+00:00,506.5599976,507.3699951,503.1300049,505.4100037,55928100,yahoo
900000001,2024-04-25T13:30:00+00:00,2024-04-26T13:30:00+00:00,499.1799927,504.269989,497.4899902,503.4899902,69122400,yahoo
900000001,2024-04-26T13:30:00+00:00,2024-04-29T13:30:00+00:00,506.3500061,509.8800049,505.7000122,508.2600098,64306100,yahoo
900000001,2024-04-29T13:30:00+00:00,2024-04-30T13:30:00+00:00,510.0899963,510.75,507.25,510.0599976,46415400,yahoo
900000001,2024-04-30T13:30:00+00:00,2024-05-01T13:30:00+00:00,508.5599976,509.5599976,501.980011,501.980011,77483600,yahoo
900000001,2024-05-01T13:30:00+00:00,2024-05-02T13:30:00+00:00,501.3800049,508.1900024,499.8699951,500.3500061,80242800,yahoo
900000001,2024-05-02T13:30:00+00:00,2024-05-03T13:30:00+00:00,504.1499939,505.8900146,499.5499878,505.0299988,62550200,yahoo
900000001,2024-05-03T13:30:00+00:00,2024-05-06T13:30:00+00:00,511.1600037,512.5499878,508.5599976,511.2900085,72756700,yahoo
900000001,2024-05-06T13:30:00+00:00,2024-05-07T13:30:00+00:00,513.75,516.6099854,513.2999878,516.5700073,47264700,yahoo
900000001,2024-05-07T13:30:00+00:00,2024-05-08T13:30:00+00:00,517.5599976,518.5700073,516.4500122,517.1400146,52561300,yahoo
900000001,2024-05-08T13:30:00+00:00,2024-05-09T13:30:00+00:00,515.2600098,517.7399902,515.1400146,517.1900024,42047200,yahoo
900000001,2024-05-09T13:30:00+00:00,2024-05-10T13:30:00+00:00,517.3800049,520.210022,516.710022,520.1699829,43643700,yahoo
900000001,2024-05-10T13:30:00+00:00,2024-05-13T13:30:00+00:00,521.8099976,522.6400146,519.5900269,520.8400269,52233200,yahoo
900000001,2024-05-13T13:30:00+00:00,2024-05-14T13:30:00+00:00,522.5599976,522.6699829,519.7399902,520.9099731,36716400,yahoo
900000001,2024-05-14T13:30:00+00:00,2024-05-15T13:30:00+00:00,521.1099854,523.8300171,520.5599976,523.2999878,57535900,yahoo
900000001,2024-05-15T13:30:00+00:00,2024-05-16T13:30:00+00:00,525.8300171,530.0800171,525.1799927,529.7800293,59504900,yahoo
900000001,2024-05-16T13:30:00+00:00,2024-05-17T13:30:00+00:00,529.8800049,531.5200195,528.539978,528.6900024,50244800,yahoo
900000001,2024-05-17T13:30:00+00:00,2024-05-20T13:30:00+00:00,528.8099976,529.5200195,527.3200073,529.4500122,59187600,yahoo
900000001,2024-05-20T13:30:00+00:00,2024-05-21T13:30:00+00:00,529.5700073,531.5599976,529.1699829,530.0599976,37764200,yahoo
900000001,2024-05-21T13:30:00+00:00,2024-05-22T13:30:00+00:00,529.2800293,531.5200195,529.0700073,531.3599854,33437000,yahoo
900000001,2024-05-22T13:30:00+00:00,2024-05-23T13:30:00+00:00,530.6500244,531.3800049,527.5999756,529.8300171,48390000,yahoo
900000001,2024-05-23T13:30:00+00:00,2024-05-24T13:30:00+00:00,532.960022,533.0700073,524.7199707,525.960022,57211200,yahoo
900000001,2024-05-24T13:30:00+00:00,2024-05-28T13:30:00+00:00,527.8499756,530.2700195,526.8800049,529.4400024,41291100,yahoo
900000001,2024-05-28T13:30:00+00:00,2024-05-29T13:30:00+00:00,530.2700195,530.5100098,527.1099854,529.8099976,36269600,yahoo
900000001,2024-05-29T13:30:00+00:00,2024-05-30T13:30:00+00:00,525.6799927,527.3099976,525.3699951,526.0999756,45190300,yahoo
900000001,2024-05-30T13:30:00+00:00,2024-05-31T13:30:00+00:00,524.5200195,525.2000122,521.3300171,522.6099854,46377600,yahoo
900000001,2024-05-31T13:30:00+00:00,2024-06-03T13:30:00+00:00,523.5900269,527.5,518.3599854,527.3699951,90785800,yahoo
900000001,2024-06-03T13:30:00+00:00,2024-06-04T13:30:00+00:00,529.0200195,529.3099976,522.5999756,527.7999878,46835700,yahoo
900000001,2024-06-04T13:30:00+00:00,2024-06-05T13:30:00+00:00,526.460022,529.1500244,524.960022,528.3900146,34632700,yahoo
900000001,2024-06-05T13:30:00+00:00,2024-06-06T13:30:00+00:00,530.7700195,534.6900024,528.7299805,534.6699829,47610400,yahoo
900000001,2024-06-06T13:30:00+00:00,2024-06-07T13:30:00+00:00,534.9799805,535.4199829,532.6799927,534.6599731,30808500,yahoo
900000001,2024-06-07T13:30:00+00:00,2024-06-10T13:30:00+00:00,533.6599731,536.8900146,532.539978,534.0100098,43224500,yahoo
900000001,2024-06-10T13:30:00+00:00,2024-06-11T13:30:00+00:00,533.1799927,535.9899902,532.5700073,535.6599731,35686100,yahoo
900000001,2024-06-11T13:30:00+00:00,2024-06-12T13:30:00+00:00,534.0700073,537.0100098,532.0499878,536.9500122,36383400,yahoo
900000001,2024-06-12T13:30:00+00:00,2024-06-13T13:30:00+00:00,541.6300049,544.1199951,540.2999878,541.3599854,63251300,yahoo
900000001,2024-06-13T13:30:00+00:00,2024-06-14T13:30:00+00:00,543.1500244,543.3300171,539.5900269,542.4500122,44760900,yahoo
900000001,2024-06-14T13:30:00+00:00,2024-06-17T13:30:00+00:00,540.8800049,542.8099976,539.8499756,542.7800293,40089900,yahoo
900000001,2024-06-17T13:30:00+00:00,2024-06-18T13:30:00+00:00,542.0800171,548.5300293,541.6099854,547.0999756,55839500,yahoo
900000001,2024-06-18T13:30:00+00:00,2024-06-20T13:30:00+00:00,547.1599731,548.6199951,546.7299805,548.4899902,41376400,yahoo
900000001,2024-06-20T13:30:00+00:00,2024-06-21T13:30:00+00:00,549.4400024,550.1199951,545.1799927,547,70328200,yahoo
900000001,2024-06-21T13:30:00+00:00,2024-06-24T13:30:00+00:00,544.4000244,545.6500244,543.0200195,544.5100098,64338600,yahoo
900000001,2024-06-24T13:30:00+00:00,2024-06-25T13:30:00+00:00,544.3300171,546.9500122,542.6199951,542.7399902,45528700,yahoo
900000001,2024-06-25T13:30:00+00:00,2024-06-26T13:30:00+00:00,543.9899902,545.2000122,542.4400024,544.8300171,37936200,yahoo
900000001,2024-06-26T13:30:00+00:00,2024-06-27T13:30:00+00:00,543.6900024,546.2399902,543.0300293,545.5100098,38550600,yahoo
900000001,2024-06-27T13:30:00+00:00,2024-06-28T13:30:00+00:00,545.3699951,546.960022,544.6099854,546.3699951,35041500,yahoo
900000001,2024-06-28T13:30:00+00:00,2024-07-01T13:30:00+00:00,547.1599731,550.2800293,542.9500122,544.2199707,76144500,yahoo
900000001,2024-07-01T13:30:00+00:00,2024-07-02T13:30:00+00:00,545.6300049,545.8800049,542.5200195,545.3400269,40297800,yahoo
900000001,2024-07-02T13:30:00+00:00,2024-07-03T13:30:00+00:00,543.7000122,549.0100098,543.6500244,549.0100098,40434800,yahoo
900000001,2024-07-03T13:30:00+00:00,2024-07-05T13:30:00+00:00,548.6900024,551.8300171,548.6500244,551.460022,32789900,yahoo
900000001,2024-07-05T13:30:00+00:00,2024-07-08T13:30:00+00:00,551.7700195,555.0499878,551.1199951,554.6400146,41488400,yahoo
900000001,2024-07-08T13:30:00+00:00,2024-07-09T13:30:00+00:00,555.4400024,556.25,554.1900024,555.2800293,36110500,yahoo
900000001,2024-07-09T13:30:00+00:00,2024-07-10T13:30:00+00:00,556.2600098,557.1799927,555.5200195,555.8200073,27289700,yahoo
900000001,2024-07-10T13:30:00+00:00,2024-07-11T13:30:00+00:00,557.0700073,561.6699829,556.7700195,561.3200073,38701200,yahoo
900000001,2024-07-11T13:30:00+00:00,2024-07-12T13:30:00+00:00,561.4400024,562.3300171,555.8300171,556.4799805,53054200,yahoo
900000001,2024-07-12T13:30:00+00:00,2024-07-15T13:30:00+00:00,557.6300049,563.6699829,557.1500244,559.9899902,53084400,yahoo
900000001,2024-07-15T13:30:00+00:00,2024-07-16T13:30:00+00:00,562.0300293,564.8400269,559.6300049,561.5300293,40584300,yahoo
900000001,2024-07-16T13:30:00+00:00,2024-07-17T13:30:00+00:00,562.8699951,565.1599731,562.0999756,564.8599854,36475300,yahoo
900000001,2024-07-17T13:30:00+00:00,2024-07-18T13:30:00+00:00,558.7999878,560.5100098,556.6099854,556.9400024,57119000,yahoo
900000001,2024-07-18T13:30:00+00:00,2024-07-19T13:30:00+00:00,558.5100098,559.5200195,550.4299927,552.6599731,56270400,yahoo
900000001,2024-07-19T13:30:00+00:00,2024-07-22T13:30:00+00:00,552.4199829,554.0800171,547.9099731,548.9899902,65509100,yahoo
900000001,2024-07-22T13:30:00+00:00,2024-07-23T13:30:00+00:00,553,555.2700195,551.0200195,554.6500244,43346700,yahoo
900000001,2024-07-23T13:30:00+00:00,2024-07-24T13:30:00+00:00,554.539978,556.7399902,553.2800293,553.7800293,34439600,yahoo
900000001,2024-07-24T13:30:00+00:00,2024-07-25T13:30:00+00:00,548.8599854,549.1699829,540.289978,541.2299805,74515300,yahoo
900000001,2024-07-25T13:30:00+00:00,2024-07-26T13:30:00+00:00,541.3499756,547.460022,537.4500122,538.4099731,61158300,yahoo
900000001,2024-07-26T13:30:00+00:00,2024-07-29T13:30:00+00:00,542.2800293,547.1900024,541.4899902,544.4400024,53763800,yahoo
900000001,2024-07-29T13:30:00+00:00,2024-07-30T13:30:00+00:00,546.0200195,547.0499878,542.7199707,544.7600098,39515800,yahoo
900000001,2024-07-30T13:30:00+00:00,2024-07-31T13:30:00+00:00,546.2600098,547.3400269,538.5200195,542,46853600,yahoo
900000001,2024-07-31T13:30:00+00:00,2024-08-01T13:30:00+00:00,548.9799805,553.5,547.5800171,550.8099976,65663400,yahoo
900000001,2024-08-01T13:30:00+00:00,2024-08-02T13:30:00+00:00,552.5700073,554.8699951,539.4299927,543.0100098,76428700,yahoo
900000001,2024-08-02T13:30:00+00:00,2024-08-05T13:30:00+00:00,535.75,536.9899902,528.5999756,532.9000244,82789100,yahoo
900000001,2024-08-05T13:30:00+00:00,2024-08-06T13:30:00+00:00,511.6400146,523.5800171,510.269989,517.3800049,146267400,yahoo
900000001,2024-08-06T13:30:00+00:00,2024-08-07T13:30:00+00:00,519.2199707,529.75,517.8699951,522.1500244,84826300,yahoo
900000001,2024-08-07T13:30:00+00:00,2024-08-08T13:30:00+00:00,528.4699707,531.5900269,518.0499878,518.6599731,70698300,yahoo
900000001,2024-08-08T13:30:00+00:00,2024-08-09T13:30:00+00:00,523.9099731,531.289978,521.8400269,530.6500244,63276600,yahoo
900000001,2024-08-09T13:30:00+00:00,2024-08-12T13:30:00+00:00,529.8099976,534.5100098,528.5599976,532.9899902,45619600,yahoo
900000001,2024-08-12T13:30:00+00:00,2024-08-13T13:30:00+00:00,534.210022,535.7299805,530.9500122,533.2700195,42542100,yahoo
900000001,2024-08-13T13:30:00+00:00,2024-08-14T13:30:00+00:00,536.5300293,542.2800293,536.2800293,542.039978,52333100,yahoo
900000001,2024-08-14T13:30:00+00:00,2024-08-15T13:30:00+00:00,542.8499756,544.960022,540.1199951,543.75,42446900,yahoo
900000001,2024-08-15T13:30:00+00:00,2024-08-16T13:30:00+00:00,549.5,553.3599854,548.8800049,553.0700073,60846800,yahoo
900000001,2024-08-16T13:30:00+00:00,2024-08-19T13:30:00+00:00,551.4199829,555.0200195,551.2600098,554.3099976,44430700,yahoo
900000001,2024-08-19T13:30:00+00:00,2024-08-20T13:30:00+00:00,554.7299805,559.6099854,553.8599854,559.6099854,39121800,yahoo
900000001,2024-08-20T13:30:00+00:00,2024-08-21T13:30:00+00:00,559.1500244,560.8400269,557.3300171,558.7000122,33732300,yahoo
900000001,2024-08-21T13:30:00+00:00,2024-08-22T13:30:00+00:00,559.7700195,562.1099854,554.7299805,560.6199951,41514600,yahoo
900000001,2024-08-22T13:30:00+00:00,2024-08-23T13:30:00+00:00,562.5599976,563.1799927,554.9799805,556.2199707,56121500,yahoo
900000001,2024-08-23T13:30:00+00:00,2024-08-26T13:30:00+00:00,559.5300293,563.0900269,557.289978,562.1300049,50639400,yahoo
900000001,2024-08-26T13:30:00+00:00,2024-08-27T13:30:00+00:00,563.1799927,563.9099731,559.0499878,560.789978,35788600,yahoo
900000001,2024-08-27T13:30:00+00:00,2024-08-28T13:30:00+00:00,559.4899902,562.0599976,558.3200073,561.5599976,32693900,yahoo
900000001,2024-08-28T13:30:00+00:00,2024-08-29T13:30:00+00:00,561.210022,561.6500244,555.039978,558.2999878,41066000,yahoo
900000001,2024-08-29T13:30:00+00:00,2024-08-30T13:30:00+00:00,560.3099976,563.6799927,557.1799927,558.3499756,38715200,yahoo
900000001,2024-08-30T13:30:00+00:00,2024-09-03T13:30:00+00:00,560.7700195,564.2000122,557.1400146,563.6799927,62700100,yahoo
900000001,2024-09-03T13:30:00+00:00,2024-09-04T13:30:00+00:00,560.4699707,560.8099976,549.5100098,552.0800171,60600100,yahoo
900000001,2024-09-04T13:30:00+00:00,2024-09-05T13:30:00+00:00,550.2000122,554.4299927,549.460022,550.9500122,47224900,yahoo
900000001,2024-09-05T13:30:00+00:00,2024-09-06T13:30:00+00:00,550.8900146,553.7999878,547.0999756,549.6099854,44264300,yahoo
900000001,2024-09-06T13:30:00+00:00,2024-09-09T13:30:00+00:00,549.9400024,551.5999756,539.4400024,540.3599854,68493800,yahoo
900000001,2024-09-09T13:30:00+00:00,2024-09-10T13:30:00+00:00,544.6500244,547.710022,542.6799927,546.4099731,40445800,yahoo
900000001,2024-09-10T13:30:00+00:00,2024-09-11T13:30:00+00:00,548.3599854,549.1500244,543.3800049,548.789978,36394600,yahoo
900000001,2024-09-11T13:30:00+00:00,2024-09-12T13:30:00+00:00,548.7000122,555.3599854,539.960022,554.4199829,75248600,yahoo
900000001,2024-09-12T13:30:00+00:00,2024-09-13T13:30:00+00:00,555.0100098,559.4000244,552.7399902,559.0900269,51819600,yahoo
900000001,2024-09-13T13:30:00+00:00,2024-09-16T13:30:00+00:00,559.710022,563.0300293,559.4500122,562.0100098,39310500,yahoo
900000001,2024-09-16T13:30:00+00:00,2024-09-17T13:30:00+00:00,561.7399902,563.1099854,559.9000244,562.8400269,36656100,yahoo
900000001,2024-09-17T13:30:00+00:00,2024-09-18T13:30:00+00:00,565.0999756,566.5800171,560.789978,563.0700073,49321000,yahoo
900000001,2024-09-18T13:30:00+00:00,2024-09-19T13:30:00+00:00,563.7399902,568.6900024,560.8300171,561.4000244,59044900,yahoo
900000001,2024-09-19T13:30:00+00:00,2024-09-20T13:30:00+00:00,571.0100098,572.8800049,568.0800171,570.9799805,75315500,yahoo
900000001,2024-09-20T13:30:00+00:00,2024-09-23T13:30:00+00:00,567.8400269,569.3099976,565.1699829,568.25,77503100,yahoo
900000001,2024-09-23T13:30:00+00:00,2024-09-24T13:30:00+00:00,569.3400269,570.3300171,568.0999756,569.6699829,44116900,yahoo
900000001,2024-09-24T13:30:00+00:00,2024-09-25T13:30:00+00:00,570.4799805,571.3599854,567.5999756,571.2999878,46805700,yahoo
900000001,2024-09-25T13:30:00+00:00,2024-09-26T13:30:00+00:00,571.1400146,571.8900146,568.9099731,570.039978,38428600,yahoo
900000001,2024-09-26T13:30:00+00:00,2024-09-27T13:30:00+00:00,574.3800049,574.710022,569.9000244,572.2999878,48336000,yahoo
900000001,2024-09-27T13:30:00+00:00,2024-09-30T13:30:00+00:00,573.3900146,574.2199707,570.4199829,571.4699707,42100900,yahoo
900000001,2024-09-30T13:30:00+00:00,2024-10-01T13:30:00+00:00,570.4199829,574.3800049,568.0800171,573.7600098,63557400,yahoo
900000001,2024-10-01T13:30:00+00:00,2024-10-02T13:30:00+00:00,573.4000244,574.0599976,566,568.6199951,72668800,yahoo
900000001,2024-10-02T13:30:00+00:00,2024-10-03T13:30:00+00:00,567.710022,569.9000244,565.2700195,568.8599854,38097800,yahoo
900000001,2024-10-03T13:30:00+00:00,2024-10-04T13:30:00+00:00,567.3599854,569.7999878,565.4899902,567.8200073,40846500,yahoo
900000001,2024-10-04T13:30:00+00:00,2024-10-07T13:30:00+00:00,572.3499756,573.3599854,568.0999756,572.9799805,42939100,yahoo
900000001,2024-10-07T13:30:00+00:00,2024-10-08T13:30:00+00:00,571.2999878,571.960022,566.6300049,567.7999878,49964700,yahoo
900000001,2024-10-08T13:30:00+00:00,2024-10-09T13:30:00+00:00,570.4199829,573.7800293,569.5300293,573.1699829,37398700,yahoo
900000001,2024-10-09T13:30:00+00:00,2024-10-10T13:30:00+00:00,573.1599731,577.710022,572.5499878,577.1400146,37912200,yahoo
900000001,2024-10-10T13:30:00+00:00,2024-10-11T13:30:00+00:00,575.7700195,577.5800171,574.4899902,576.1300049,44138100,yahoo
900000001,2024-10-11T13:30:00+00:00,2024-10-14T13:30:00+00:00,576.0499878,580.3300171,575.9099731,579.5800171,42268000,yahoo
900000001,2024-10-14T13:30:00+00:00,2024-10-15T13:30:00+00:00,581.2199707,585.2700195,580.7299805,584.3200073,36217200,yahoo
900000001,2024-10-15T13:30:00+00:00,2024-10-16T13:30:00+00:00,584.5900269,584.9000244,578.539978,579.7800293,54203600,yahoo
900000001,2024-10-16T13:30:00+00:00,2024-10-17T13:30:00+00:00,579.7800293,582.8300171,578.960022,582.2999878,30725400,yahoo
900000001,2024-10-17T13:30:00+00:00,2024-10-18T13:30:00+00:00,585.9099731,586.1199951,582.1599731,582.3499756,34393700,yahoo
900000001,2024-10-18T13:30:00+00:00,2024-10-21T13:30:00+00:00,584.0700073,585.3900146,582.5800171,584.5900269,37416800,yahoo
900000001,2024-10-21T13:30:00+00:00,2024-10-22T13:30:00+00:00,583.8499756,584.8499756,580.5999756,583.6300049,36439000,yahoo
900000001,2024-10-22T13:30:00+00:00,2024-10-23T13:30:00+00:00,581.0499878,584.5,580.3800049,583.3200073,34183800,yahoo
900000001,2024-10-23T13:30:00+00:00,2024-10-24T13:30:00+00:00,581.2600098,581.710022,574.4199829,577.9899902,49314600,yahoo
900000001,2024-10-24T13:30:00+00:00,2024-10-25T13:30:00+00:00,579.9799805,580.0599976,576.5700073,579.2399902,34979900,yahoo
900000001,2024-10-25T13:30:00+00:00,2024-10-28T13:30:00+00:00,581.5100098,584.460022,578.0800171,579.039978,47268200,yahoo
900000001,2024-10-28T13:30:00+00:00,2024-10-29T13:30:00+00:00,582.5800171,582.710022,580.5200195,580.8300171,30174700,yahoo
900000001,2024-10-29T13:30:00+00:00,2024-10-30T13:30:00+00:00,579.8499756,582.9099731,578.4299927,581.7700195,42899700,yahoo
900000001,2024-10-30T13:30:00+00:00,2024-10-31T13:30:00+00:00,581.289978,583.3200073,579.289978,580.0100098,41435800,yahoo
900000001,2024-10-31T13:30:00+00:00,2024-11-01T13:30:00+00:00,575.5599976,575.6300049,568.4400024,568.6400146,60182500,yahoo
900000001,2024-11-01T13:30:00+00:00,2024-11-04T14:30:00+00:00,571.3200073,575.5499878,570.6199951,571.039978,45667500,yahoo
900000001,2024-11-04T14:30:00+00:00,2024-11-05T14:30:00+00:00,571.1799927,572.5,567.8900146,569.8099976,38217000,yahoo
900000001,2024-11-05T14:30:00+00:00,2024-11-06T14:30:00+00:00,570.7399902,576.7399902,570.5200195,576.7000122,39478300,yahoo
900000001,2024-11-06T14:30:00+00:00,2024-11-07T14:30:00+00:00,589.2000122,591.9299927,585.3900146,591.039978,68182000,yahoo
900000001,2024-11-07T14:30:00+00:00,2024-11-08T14:30:00+00:00,593.0800171,596.6500244,593,595.6099854,47233200,yahoo
900000001,2024-11-08T14:30:00+00:00,2024-11-11T14:30:00+00:00,596.1699829,599.6400146,596.1699829,598.1900024,46444900,yahoo
900000001,2024-11-11T14:30:00+00:00,2024-11-12T14:30:00+00:00,599.8099976,600.1699829,597,598.7600098,37586800,yahoo
900000001,2024-11-12T14:30:00+00:00,2024-11-13T14:30:00+00:00,598.6799927,599.289978,594.3699951,596.9000244,43006100,yahoo
900000001,2024-11-13T14:30:00+00:00,2024-11-14T14:30:00+00:00,597.3699951,599.2299805,594.960022,597.1900024,47388600,yahoo
900000001,2024-11-14T14:30:00+00:00,2024-11-15T14:30:00+00:00,597.3200073,597.8099976,592.6500244,593.3499756,38904100,yahoo
900000001,2024-11-15T14:30:00+00:00,2024-11-18T14:30:00+00:00,589.7199707,590.2000122,583.8599854,585.75,75988800,yahoo
900000001,2024-11-18T14:30:00+00:00,2024-11-19T14:30:00+00:00,586.2199707,589.4899902,585.3400269,588.1500244,37001700,yahoo
900000001,2024-11-19T14:30:00+00:00,2024-11-20T14:30:00+00:00,584.710022,591.039978,584.0300293,590.2999878,49412000,yahoo
900000001,2024-11-20T14:30:00+00:00,2024-11-21T14:30:00+00:00,590.3800049,590.789978,584.6300049,590.5,50032600,yahoo
900000001,2024-11-21T14:30:00+00:00,2024-11-22T14:30:00+00:00,593.4000244,595.1199951,587.4500122,593.6699829,46750300,yahoo
900000001,2024-11-22T14:30:00+00:00,2024-11-25T14:30:00+00:00,593.6599731,596.1500244,593.1500244,595.5100098,38226400,yahoo
900000001,2024-11-25T14:30:00+00:00,2024-11-26T14:30:00+00:00,599.5200195,600.8599854,595.2000122,597.5300293,42441400,yahoo
900000001,2024-11-26T14:30:00+00:00,2024-11-27T14:30:00+00:00,598.7999878,601.3300171,598.0700073,600.6500244,45621300,yahoo
900000001,2024-11-27T14:30:00+00:00,2024-11-29T14:30:00+00:00,600.460022,600.8499756,597.2800293,598.8300171,34000200,yahoo
900000001,2024-11-29T14:30:00+00:00,2024-12-02T14:30:00+00:00,599.6599731,603.3499756,599.3800049,602.5499878,30177400,yahoo
900000001,2024-12-02T14:30:00+00:00,2024-12-03T14:30:00+00:00,602.9699707,604.3200073,602.4699707,603.6300049,31746000,yahoo
900000001,2024-12-03T14:30:00+00:00,2024-12-04T14:30:00+00:00,603.3900146,604.1599731,602.3400269,603.9099731,26906600,yahoo
900000001,2024-12-04T14:30:00+00:00,2024-12-05T14:30:00+00:00,605.6300049,607.9099731,604.9500122,607.6599731,42787600,yahoo
900000001,2024-12-05T14:30:00+00:00,2024-12-06T14:30:00+00:00,607.6599731,608.4799805,606.2999878,606.6599731,28762200,yahoo
900000001,2024-12-06T14:30:00+00:00,2024-12-09T14:30:00+00:00,607.4400024,609.0700073,607.0200195,607.8099976,31241500,yahoo
900000001,2024-12-09T14:30:00+00:00,2024-12-10T14:30:00+00:00,607.6900024,607.8599854,604.0800171,604.6799927,34742700,yahoo
900000001,2024-12-10T14:30:00+00:00,2024-12-11T14:30:00+00:00,605.3699951,605.7999878,602.1300049,602.7999878,37234500,yahoo
900000001,2024-12-11T14:30:00+00:00,2024-12-12T14:30:00+00:00,605.7800293,608.4299927,605.5,607.460022,28677700,yahoo
900000001,2024-12-12T14:30:00+00:00,2024-12-13T14:30:00+00:00,606.5800171,607.1599731,604.3300171,604.3300171,31543800,yahoo
900000001,2024-12-13T14:30:00+00:00,2024-12-16T14:30:00+00:00,606.4000244,607.1300049,602.8099976,604.210022,35904700,yahoo
900000001,2024-12-16T14:30:00+00:00,2024-12-17T14:30:00+00:00,606,607.7800293,605.210022,606.789978,43695200,yahoo
900000001,2024-12-17T14:30:00+00:00,2024-12-18T14:30:00+00:00,604.1900024,605.1699829,602.8900146,604.289978,55773500,yahoo
900000001,2024-12-18T14:30:00+00:00,2024-12-19T14:30:00+00:00,603.9799805,606.4099731,585.8900146,586.2800293,108248700,yahoo
900000001,2024-12-19T14:30:00+00:00,2024-12-20T14:30:00+00:00,591.3599854,593,585.8499756,586.0999756,85919500,yahoo
900000001,2024-12-20T14:30:00+00:00,2024-12-23T14:30:00+00:00,581.7700195,595.75,580.9099731,591.1500244,125716700,yahoo
900000001,2024-12-23T14:30:00+00:00,2024-12-24T14:30:00+00:00,590.8900146,595.2999878,587.6599731,594.6900024,57635800,yahoo
900000001,2024-12-24T14:30:00+00:00,2024-12-26T14:30:00+00:00,596.0599976,601.3400269,595.4699707,601.2999878,33160100,yahoo
900000001,2024-12-26T14:30:00+00:00,2024-12-27T14:30:00+00:00,599.5,602.4799805,598.0800171,601.3400269,41219100,yahoo
900000001,2024-12-27T14:30:00+00:00,2024-12-30T14:30:00+00:00,597.539978,597.7800293,590.7600098,595.0100098,64969300,yahoo
900000001,2024-12-30T14:30:00+00:00,2024-12-31T14:30:00+00:00,587.8900146,591.7399902,584.4099731,588.2199707,56578800,yahoo
900000001,2024-12-31T14:30:00+00:00,2025-01-02T14:30:00+00:00,589.9099731,590.6400146,584.4199829,586.0800171,57052700,yahoo
900000001,2025-01-02T14:30:00+00:00,2025-01-03T14:30:00+00:00,589.3900146,591.1300049,580.5,584.6400146,50204000,yahoo
900000001,2025-01-03T14:30:00+00:00,2025-01-06T14:30:00+00:00,587.5300293,592.5999756,586.4299927,591.9500122,37888500,yahoo
900000001,2025-01-06T14:30:00+00:00,2025-01-07T14:30:00+00:00,596.2700195,599.7000122,593.5999756,595.3599854,47679400,yahoo
900000001,2025-01-07T14:30:00+00:00,2025-01-08T14:30:00+00:00,597.4199829,597.75,586.7800293,588.6300049,60393100,yahoo
900000001,2025-01-08T14:30:00+00:00,2025-01-10T14:30:00+00:00,588.7000122,590.5800171,585.2000122,589.4899902,47304700,yahoo
900000001,2025-01-10T14:30:00+00:00,2025-01-13T14:30:00+00:00,585.8800049,585.9500122,578.5499878,580.4899902,73105000,yahoo
900000001,2025-01-13T14:30:00+00:00,2025-01-14T14:30:00+00:00,575.7700195,581.75,575.3499756,581.3900146,47910100,yahoo
900000001,2025-01-14T14:30:00+00:00,2025-01-15T14:30:00+00:00,584.3599854,585,578.3499756,582.1900024,48420600,yahoo
900000001,2025-01-15T14:30:00+00:00,2025-01-16T14:30:00+00:00,590.3300171,593.9400024,589.2000122,592.7800293,56900200,yahoo
900000001,2025-01-16T14:30:00+00:00,2025-01-17T14:30:00+00:00,594.1699829,594.3499756,590.9299927,591.6400146,43319700,yahoo
900000001,2025-01-17T14:30:00+00:00,2025-01-21T14:30:00+00:00,596.960022,599.3599854,595.6099854,597.5800171,58070600,yahoo
900000001,2025-01-21T14:30:00+00:00,2025-01-22T14:30:00+00:00,600.6699829,603.0599976,598.6699829,603.0499878,42532900,yahoo
900000001,2025-01-22T14:30:00+00:00,2025-01-23T14:30:00+00:00,605.9199829,607.8200073,605.3599854,606.4400024,48196000,yahoo
900000001,2025-01-23T14:30:00+00:00,2025-01-24T14:30:00+00:00,605.7999878,609.75,605.5200195,609.75,41152100,yahoo
900000001,2025-01-24T14:30:00+00:00,2025-01-27T14:30:00+00:00,609.8099976,610.7800293,606.7999878,607.9699707,34604700,yahoo
900000001,2025-01-27T14:30:00+00:00,2025-01-28T14:30:00+00:00,594.8099976,599.6900024,594.6400146,599.3699951,70361100,yahoo
900000001,2025-01-28T14:30:00+00:00,2025-01-29T14:30:00+00:00,600.6199951,605.3699951,597.25,604.5200195,44433300,yahoo
900000001,2025-01-29T14:30:00+00:00,2025-01-30T14:30:00+00:00,603.7199707,604.1300049,599.2199707,601.8099976,37177400,yahoo
900000001,2025-01-30T14:30:00+00:00,2025-01-31T14:30:00+00:00,603.960022,606.5999756,600.7199707,605.039978,39281300,yahoo
900000001,2025-01-31T14:30:00+00:00,2025-02-03T14:30:00+00:00,607.5,609.960022,601.0499878,601.8200073,66566900,yahoo
900000001,2025-02-03T14:30:00+00:00,2025-02-04T14:30:00+00:00,592.6699829,600.289978,590.4899902,597.7700195,65857200,yahoo
900000001,2025-02-04T14:30:00+00:00,2025-02-05T14:30:00+00:00,597.8300171,602.2999878,597.2800293,601.7800293,33457800,yahoo
900000001,2025-02-05T14:30:00+00:00,2025-02-06T14:30:00+00:00,600.6400146,604.3699951,598.5800171,604.2199707,30653100,yahoo
900000001,2025-02-06T14:30:00+00:00,2025-02-07T14:30:00+00:00,605.9899902,606.4500122,602.6300049,606.3200073,35771500,yahoo
900000001,2025-02-07T14:30:00+00:00,2025-02-10T14:30:00+00:00,606.8900146,608.1300049,600.0499878,600.7700195,50788500,yahoo
900000001,2025-02-10T14:30:00+00:00,2025-02-11T14:30:00+00:00,604.0300293,605.5,602.7399902,604.8499756,26048700,yahoo
900000001,2025-02-11T14:30:00+00:00,2025-02-12T14:30:00+00:00,602.5499878,605.8599854,602.4299927,605.3099976,30056700,yahoo
900000001,2025-02-12T14:30:00+00:00,2025-02-13T14:30:00+00:00,599.2000122,604.5499878,598.5100098,603.3599854,45076100,yahoo
900000001,2025-02-13T14:30:00+00:00,2025-02-14T14:30:00+00:00,604.4799805,609.9400024,603.2000122,609.7299805,40921300,yahoo
900000001,2025-02-14T14:30:00+00:00,2025-02-18T14:30:00+00:00,609.9400024,610.9899902,609.0700073,609.7000122,26910400,yahoo
900000001,2025-02-18T14:30:00+00:00,2025-02-19T14:30:00+00:00,610.8800049,611.4899902,608.3800049,611.4899902,26749000,yahoo
900000001,2025-02-19T14:30:00+00:00,2025-02-20T14:30:00+00:00,610.0800171,613.2299805,609.5599976,612.9299927,31011100,yahoo
900000001,2025-02-20T14:30:00+00:00,2025-02-21T14:30:00+00:00,611.539978,611.6799927,607.0200195,610.3800049,36554000,yahoo
900000001,2025-02-21T14:30:00+00:00,2025-02-24T14:30:00+00:00,610.1599731,610.2999878,599.4699707,599.9400024,76519800,yahoo
900000001,2025-02-24T14:30:00+00:00,2025-02-25T14:30:00+00:00,602.0200195,603.0300293,596.4899902,597.210022,50737200,yahoo
900000001,2025-02-25T14:30:00+00:00,2025-02-26T14:30:00+00:00,597.1500244,597.8900146,589.5599976,594.2399902,58266500,yahoo
900000001,2025-02-26T14:30:00+00:00,2025-02-27T14:30:00+00:00,595.9299927,599.5800171,591.8599854,594.539978,43321600,yahoo
900000001,2025-02-27T14:30:00+00:00,2025-02-28T14:30:00+00:00,596.8499756,598.0200195,584.6500244,585.0499878,74196700,yahoo
900000001,2025-02-28T14:30:00+00:00,2025-03-03T14:30:00+00:00,585.5599976,594.7199707,582.4400024,594.1799927,88744100,yahoo
900000001,2025-03-03T14:30:00+00:00,2025-03-04T14:30:00+00:00,596.1799927,597.3400269,579.9000244,583.7700195,74249200,yahoo
900000001,2025-03-04T14:30:00+00:00,2025-03-05T14:30:00+00:00,579.710022,585.3900146,572.25,576.8599854,109648200,yahoo
900000001,2025-03-05T14:30:00+00:00,2025-03-06T14:30:00+00:00,576.6900024,584.8800049,573.0800171,583.0599976,71230500,yahoo
900000001,2025-03-06T14:30:00+00:00,2025-03-07T14:30:00+00:00,575.4799805,580.1699829,570.1199951,572.710022,80094900,yahoo
900000001,2025-03-07T14:30:00+00:00,2025-03-10T13:30:00+00:00,570.9000244,577.3900146,565.6300049,575.9199829,81158800,yahoo
900000001,2025-03-10T13:30:00+00:00,2025-03-11T13:30:00+00:00,567.5900269,569.539978,555.5900269,560.5800171,99326600,yahoo
900000001,2025-03-11T13:30:00+00:00,2025-03-12T13:30:00+00:00,559.4000244,564.0200195,552.0200195,555.9199829,88102100,yahoo
900000001,2025-03-12T13:30:00+00:00,2025-03-13T13:30:00+00:00,562.1699829,563.1099854,553.6900024,558.8699951,69588200,yahoo
900000001,2025-03-13T13:30:00+00:00,2025-03-14T13:30:00+00:00,558.4899902,559.1099854,549.6799927,551.4199829,74079400,yahoo
900000001,2025-03-14T13:30:00+00:00,2025-03-17T13:30:00+00:00,556.1099854,563.8300171,551.4899902,562.8099976,62660300,yahoo
900000001,2025-03-17T13:30:00+00:00,2025-03-18T13:30:00+00:00,562.789978,569.710022,562.3499756,567.1500244,49008700,yahoo
900000001,2025-03-18T13:30:00+00:00,2025-03-19T13:30:00+00:00,564.7999878,565.0200195,559.0599976,561.0200195,66041400,yahoo
900000001,2025-03-19T13:30:00+00:00,2025-03-20T13:30:00+00:00,562.8300171,570.9500122,561.6300049,567.1300049,66556000,yahoo
900000001,2025-03-20T13:30:00+00:00,2025-03-21T13:30:00+00:00,563.3300171,570.5700073,562.5999756,565.4899902,62958200,yahoo
900000001,2025-03-21T13:30:00+00:00,2025-03-24T13:30:00+00:00,559.2800293,564.8900146,558.0300293,563.9799805,83763000,yahoo
900000001,2025-03-24T13:30:00+00:00,2025-03-25T13:30:00+00:00,570.7999878,575.1500244,570.2000122,574.0800171,58766800,yahoo
900000001,2025-03-25T13:30:00+00:00,2025-03-26T13:30:00+00:00,575.2999878,576.4099731,573.6900024,575.460022,38355700,yahoo
900000001,2025-03-26T13:30:00+00:00,2025-03-27T13:30:00+00:00,575.1900024,576.3300171,567.1900024,568.5900269,51848300,yahoo
900000001,2025-03-27T13:30:00+00:00,2025-03-28T13:30:00+00:00,567.1799927,570.9000244,564.9400024,567.0800171,42164200,yahoo
900000001,2025-03-28T13:30:00+00:00,2025-03-31T13:30:00+00:00,565.5300293,566.2700195,555.0700073,555.6599731,71662700,yahoo
900000001,2025-03-31T13:30:00+00:00,2025-04-01T13:30:00+00:00,549.8300171,560.710022,546.8699951,559.3900146,95328200,yahoo
900000001,2025-04-01T13:30:00+00:00,2025-04-02T13:30:00+00:00,557.4500122,562.9400024,553.6799927,560.9699707,54609600,yahoo
900000001,2025-04-02T13:30:00+00:00,2025-04-03T13:30:00+00:00,555.0499878,567.4199829,554.8099976,564.5200195,76014500,yahoo
900000001,2025-04-03T13:30:00+00:00,2025-04-04T13:30:00+00:00,545.1099854,547.9699707,536.7000122,536.7000122,125986000,yahoo
900000001,2025-04-04T13:30:00+00:00,2025-04-07T13:30:00+00:00,523.6699829,525.8699951,505.0599976,505.2799988,217965100,yahoo
900000001,2025-04-07T13:30:00+00:00,2025-04-08T13:30:00+00:00,489.1900024,523.1699829,481.7999878,504.3800049,256611400,yahoo
900000001,2025-04-08T13:30:00+00:00,2025-04-09T13:30:00+00:00,521.8599854,524.9799805,489.1600037,496.480011,165816600,yahoo
900000001,2025-04-09T13:30:00+00:00,2025-04-10T13:30:00+00:00,493.4400024,548.6199951,493.0499878,548.6199951,241867300,yahoo
900000001,2025-04-10T13:30:00+00:00,2025-04-11T13:30:00+00:00,532.1699829,533.5,509.3200073,524.5800171,162331200,yahoo
900000001,2025-04-11T13:30:00+00:00,2025-04-14T13:30:00+00:00,523.0100098,536.4299927,520.0700073,533.9400024,97866300,yahoo
900000001,2025-04-14T13:30:00+00:00,2025-04-15T13:30:00+00:00,544.0499878,544.2800293,533.8599854,539.1199951,68034000,yahoo
900000001,2025-04-15T13:30:00+00:00,2025-04-16T13:30:00+00:00,539.6699829,543.2299805,536.8099976,537.6099854,56892900,yahoo
900000001,2025-04-16T13:30:00+00:00,2025-04-17T13:30:00+00:00,531.6799927,537.8900146,520.289978,525.6599731,83484800,yahoo
900000001,2025-04-17T13:30:00+00:00,2025-04-21T13:30:00+00:00,527.6400146,531.1699829,523.9099731,526.4099731,79868100,yahoo
900000001,2025-04-21T13:30:00+00:00,2025-04-22T13:30:00+00:00,521.1599731,521.7000122,508.4599915,513.8800049,69368100,yahoo
900000001,2025-04-22T13:30:00+00:00,2025-04-23T13:30:00+00:00,520.1400146,529.2999878,519.1900024,527.25,75948100,yahoo
900000001,2025-04-23T13:30:00+00:00,2025-04-24T13:30:00+00:00,540.4299927,545.4299927,533.8800049,535.4199829,90590700,yahoo
900000001,2025-04-24T13:30:00+00:00,2025-04-25T13:30:00+00:00,536.7199707,547.4299927,535.4500122,546.6900024,64150400,yahoo
900000001,2025-04-25T13:30:00+00:00,2025-04-28T13:30:00+00:00,546.6500244,551.0499878,543.6900024,550.6400146,61119600,yahoo
900000001,2025-04-28T13:30:00+00:00,2025-04-29T13:30:00+00:00,551.3900146,553.5499878,545.0200195,550.8499756,47613800,yahoo
900000001,2025-04-29T13:30:00+00:00,2025-04-30T13:30:00+00:00,548.9099731,555.4500122,548.5499878,554.3200073,47775100,yahoo
900000001,2025-04-30T13:30:00+00:00,2025-05-01T13:30:00+00:00,547.5700073,556.5200195,541.5200195,554.539978,93101500,yahoo
900000001,2025-05-01T13:30:00+00:00,2025-05-02T13:30:00+00:00,560.3699951,564.0700073,557.8599854,558.4699707,63186100,yahoo
900000001,2025-05-02T13:30:00+00:00,2025-05-05T13:30:00+00:00,564.7299805,568.3800049,562.3800049,566.7600098,60717300,yahoo
900000001,2025-05-05T13:30:00+00:00,2025-05-06T13:30:00+00:00,562.5700073,566.6500244,561.7000122,563.5100098,38659200,yahoo
900000001,2025-05-06T13:30:00+00:00,2025-05-07T13:30:00+00:00,557.9299927,563.3499756,556.960022,558.7999878,48264700,yahoo
900000001,2025-05-07T13:30:00+00:00,2025-05-08T13:30:00+00:00,560.1500244,563.8200073,556.039978,561.1500244,55588000,yahoo
900000001,2025-05-08T13:30:00+00:00,2025-05-09T13:30:00+00:00,565.2399902,570.3099976,561.7000122,565.0599976,65130800,yahoo
900000001,2025-05-09T13:30:00+00:00,2025-05-12T13:30:00+00:00,566.4799805,567.5,562.7600098,564.3400269,37603400,yahoo
900000001,2025-05-12T13:30:00+00:00,2025-05-13T13:30:00+00:00,581.4699707,583,577.039978,582.9899902,78993600,yahoo
900000001,2025-05-13T13:30:00+00:00,2025-05-14T13:30:00+00:00,583.4099731,589.0800171,582.8400269,586.8400269,67947200,yahoo
900000001,2025-05-14T13:30:00+00:00,2025-05-15T13:30:00+00:00,587.8099976,588.9799805,585.539978,587.5900269,66283500,yahoo
900000001,2025-05-15T13:30:00+00:00,2025-05-16T13:30:00+00:00,585.5599976,590.9699707,585.0999756,590.460022,71268100,yahoo
900000001,2025-05-16T13:30:00+00:00,2025-05-19T13:30:00+00:00,591.25,594.5,589.2800293,594.2000122,76052100,yahoo
900000001,2025-05-19T13:30:00+00:00,2025-05-20T13:30:00+00:00,588.0999756,595.539978,588.0999756,594.8499756,68168500,yahoo
900000001,2025-05-20T13:30:00+00:00,2025-05-21T13:30:00+00:00,593.0900269,594.0499878,589.5999756,592.8499756,60614500,yahoo
900000001,2025-05-21T13:30:00+00:00,2025-05-22T13:30:00+00:00,588.4400024,592.5800171,581.8200073,582.8599854,95197700,yahoo
900000001,2025-05-22T13:30:00+00:00,2025-05-23T13:30:00+00:00,582.6599731,586.6199951,581.4099731,583.0900269,70860400,yahoo
900000001,2025-05-23T13:30:00+00:00,2025-05-27T13:30:00+00:00,575.9799805,581.8099976,575.5999756,579.1099854,76029000,yahoo
900000001,2025-05-27T13:30:00+00:00,2025-05-28T13:30:00+00:00,586.0700073,591.3099976,578.4299927,591.1500244,72588500,yahoo
900000001,2025-05-28T13:30:00+00:00,2025-05-29T13:30:00+00:00,591.5599976,592.7700195,586.9899902,587.7299805,68445500,yahoo
900000001,2025-05-29T13:30:00+00:00,2025-05-30T13:30:00+00:00,593.0599976,593.2000122,586.0700073,590.0499878,69973300,yahoo
900000001,2025-05-30T13:30:00+00:00,2025-06-02T13:30:00+00:00,588.9299927,591.1300049,583.2399902,589.3900146,90601200,yahoo
900000001,2025-06-02T13:30:00+00:00,2025-06-03T13:30:00+00:00,587.7600098,592.789978,585.0599976,592.710022,61630500,yahoo
900000001,2025-06-03T13:30:00+00:00,2025-06-04T13:30:00+00:00,592.3400269,597.0800171,591.8499756,596.0900269,63606200,yahoo
900000001,2025-06-04T13:30:00+00:00,2025-06-05T13:30:00+00:00,596.960022,597.9500122,595.4899902,595.9299927,57314200,yahoo
900000001,2025-06-05T13:30:00+00:00,2025-06-06T13:30:00+00:00,597.6300049,599,591.0499878,593.0499878,92278700,yahoo
900000001,2025-06-06T13:30:00+00:00,2025-06-09T13:30:00+00:00,598.6599731,600.8300171,596.8599854,599.1400146,66588700,yahoo
900000001,2025-06-09T13:30:00+00:00,2025-06-10T13:30:00+00:00,599.7199707,601.25,598.4899902,599.6799927,53016400,yahoo
900000001,2025-06-10T13:30:00+00:00,2025-06-11T13:30:00+00:00,600.2199707,603.4699707,599.0900269,603.0800171,66247000,yahoo
900000001,2025-06-11T13:30:00+00:00,2025-06-12T13:30:00+00:00,604.1900024,605.0599976,599.2700195,601.3599854,73658200,yahoo
900000001,2025-06-12T13:30:00+00:00,2025-06-13T13:30:00+00:00,600.0100098,603.75,599.5200195,603.75,64129000,yahoo
900000001,2025-06-13T13:30:00+00:00,2025-06-16T13:30:00+00:00,598.5,601.8499756,595.4799805,597,89506000,yahoo
900000001,2025-06-16T13:30:00+00:00,2025-06-17T13:30:00+00:00,600.4000244,604.4500122,600.2199707,602.6799927,79984100,yahoo
900000001,2025-06-17T13:30:00+00:00,2025-06-18T13:30:00+00:00,600.210022,601.75,596.7600098,597.5300293,82209400,yahoo
900000001,2025-06-18T13:30:00+00:00,2025-06-20T13:30:00+00:00,598.4400024,601.2199707,596.4699707,597.4400024,76605000,yahoo
900000001,2025-06-20T13:30:00+00:00,2025-06-23T13:30:00+00:00,598.3800049,599.460022,592.8599854,594.2800293,94051400,yahoo
900000001,2025-06-23T13:30:00+00:00,2025-06-24T13:30:00+00:00,595.039978,600.539978,591.8900146,600.1500244,87426000,yahoo
900000001,2025-06-24T13:30:00+00:00,2025-06-25T13:30:00+00:00,604.3300171,607.8499756,603.4099731,606.7800293,67735300,yahoo
900000001,2025-06-25T13:30:00+00:00,2025-06-26T13:30:00+00:00,607.9099731,608.6099854,605.539978,607.1199951,62114800,yahoo
900000001,2025-06-26T13:30:00+00:00,2025-06-27T13:30:00+00:00,608.9899902,612.3099976,608.3699951,611.8699951,78548400,yahoo
900000001,2025-06-27T13:30:00+00:00,2025-06-30T13:30:00+00:00,612.8800049,616.3900146,610.8300171,614.9099731,86258400,yahoo
900000001,2025-06-30T13:30:00+00:00,2025-07-01T13:30:00+00:00,617.3800049,619.2199707,615.039978,617.8499756,92502500,yahoo
900000001,2025-07-01T13:30:00+00:00,2025-07-02T13:30:00+00:00,616.3599854,618.8300171,615.5200195,617.6500244,70030100,yahoo
900000001,2025-07-02T13:30:00+00:00,2025-07-03T13:30:00+00:00,617.2399902,620.4899902,616.6099854,620.4500122,66510400,yahoo
900000001,2025-07-03T13:30:00+00:00,2025-07-07T13:30:00+00:00,622.4500122,626.2800293,622.4299927,625.3400269,51065800,yahoo
900000001,2025-07-07T13:30:00+00:00,2025-07-08T13:30:00+00:00,623.3599854,624.0300293,617.8699951,620.6799927,74814500,yahoo
900000001,2025-07-08T13:30:00+00:00,2025-07-09T13:30:00+00:00,621.3499756,622.1099854,619.5200195,620.3400269,59024600,yahoo
900000001,2025-07-09T13:30:00+00:00,2025-07-10T13:30:00+00:00,622.7700195,624.7199707,620.9099731,624.0599976,66113300,yahoo
900000001,2025-07-10T13:30:00+00:00,2025-07-11T13:30:00+00:00,624.2000122,626.8699951,623.0100098,625.8200073,57529000,yahoo
900000001,2025-07-11T13:30:00+00:00,2025-07-14T13:30:00+00:00,622.7399902,624.8599854,621.5300293,623.6199951,63670200,yahoo
900000001,2025-07-14T13:30:00+00:00,2025-07-15T13:30:00+00:00,623.1599731,625.1599731,621.7999878,624.8099976,51898500,yahoo
900000001,2025-07-15T13:30:00+00:00,2025-07-16T13:30:00+00:00,627.5200195,627.8599854,622.0599976,622.1400146,74317300,yahoo
900000001,2025-07-16T13:30:00+00:00,2025-07-17T13:30:00+00:00,623.7399902,624.7299805,618.0499878,624.2199707,88987500,yahoo
900000001,2025-07-17T13:30:00+00:00,2025-07-18T13:30:00+00:00,624.4000244,628.4000244,624.1799927,628.039978,68885700,yahoo
900000001,2025-07-18T13:30:00+00:00,2025-07-21T13:30:00+00:00,629.2999878,629.4699707,626.460022,627.5800171,65621600,yahoo
900000001,2025-07-21T13:30:00+00:00,2025-07-22T13:30:00+00:00,628.7700195,631.539978,628.3400269,628.7700195,63375000,yahoo
900000001,2025-07-22T13:30:00+00:00,2025-07-23T13:30:00+00:00,629.0999756,629.7299805,626.1900024,628.8599854,60046300,yahoo
900000001,2025-07-23T13:30:00+00:00,2025-07-24T13:30:00+00:00,631.5499878,634.210022,629.7299805,634.210022,70511000,yahoo
900000001,2025-07-24T13:30:00+00:00,2025-07-25T13:30:00+00:00,634.5999756,636.1500244,633.9899902,634.4199829,71307100,yahoo
900000001,2025-07-25T13:30:00+00:00,2025-07-28T13:30:00+00:00,635.0900269,637.5800171,634.8400269,637.0999756,56865400,yahoo
900000001,2025-07-28T13:30:00+00:00,2025-07-29T13:30:00+00:00,637.4799805,638.039978,635.539978,636.9400024,54917100,yahoo
900000001,2025-07-29T13:30:00+00:00,2025-07-30T13:30:00+00:00,638.3499756,638.6699829,634.3400269,635.2600098,60556300,yahoo
900000001,2025-07-30T13:30:00+00:00,2025-07-31T13:30:00+00:00,635.9199829,637.6799927,631.539978,634.460022,80418900,yahoo
900000001,2025-07-31T13:30:00+00:00,2025-08-01T13:30:00+00:00,639.460022,639.8499756,630.7700195,632.0800171,103385200,yahoo
900000001,2025-08-01T13:30:00+00:00,2025-08-04T13:30:00+00:00,626.2999878,626.3400269,619.289978,621.7199707,140103600,yahoo
900000001,2025-08-04T13:30:00+00:00,2025-08-05T13:30:00+00:00,625.6699829,631.2199707,625.5800171,631.1699829,73218000,yahoo
900000001,2025-08-05T13:30:00+00:00,2025-08-06T13:30:00+00:00,631.789978,632.6099854,627.039978,627.9699707,68051400,yahoo
900000001,2025-08-06T13:30:00+00:00,2025-08-07T13:30:00+00:00,629.0499878,633.4400024,628.1300049,632.7800293,64357500,yahoo
900000001,2025-08-07T13:30:00+00:00,2025-08-08T13:30:00+00:00,636.2399902,636.9799805,629.1099854,632.25,74205800,yahoo
900000001,2025-08-08T13:30:00+00:00,2025-08-11T13:30:00+00:00,634.0599976,637.6500244,633.7399902,637.1799927,64051600,yahoo
900000001,2025-08-11T13:30:00+00:00,2025-08-12T13:30:00+00:00,637.460022,638.9500122,634.6599731,635.9199829,58742300,yahoo
900000001,2025-08-12T13:30:00+00:00,2025-08-13T13:30:00+00:00,638.289978,642.8499756,636.789978,642.6900024,64730800,yahoo
900000001,2025-08-13T13:30:00+00:00,2025-08-14T13:30:00+00:00,644.9099731,646.1900024,642.6799927,644.8900146,60092800,yahoo
900000001,2025-08-14T13:30:00+00:00,2025-08-15T13:30:00+00:00,642.789978,645.6199951,642.3400269,644.9500122,59327500,yahoo
900000001,2025-08-15T13:30:00+00:00,2025-08-18T13:30:00+00:00,645.9899902,646.0900269,642.5200195,643.4400024,68592500,yahoo
900000001,2025-08-18T13:30:00+00:00,2025-08-19T13:30:00+00:00,642.8599854,644,642.1799927,643.2999878,43804900,yahoo
900000001,2025-08-19T13:30:00+00:00,2025-08-20T13:30:00+00:00,643.1199951,644.1099854,638.4799805,639.8099976,69750700,yahoo
900000001,2025-08-20T13:30:00+00:00,2025-08-21T13:30:00+00:00,639.4000244,639.6599731,632.9500122,638.1099854,88890300,yahoo
900000001,2025-08-21T13:30:00+00:00,2025-08-22T13:30:00+00:00,636.2800293,637.9699707,633.8099976,635.5499878,54805800,yahoo
900000001,2025-08-22T13:30:00+00:00,2025-08-25T13:30:00+00:00,637.7600098,646.5,637.25,645.3099976,84083200,yahoo
900000001,2025-08-25T13:30:00+00:00,2025-08-26T13:30:00+00:00,644.039978,645.289978,642.3499756,642.4699707,51274300,yahoo
900000001,2025-08-26T13:30:00+00:00,2025-08-27T13:30:00+00:00,642.2000122,645.5100098,641.5700073,645.1599731,51581600,yahoo
900000001,2025-08-27T13:30:00+00:00,2025-08-28T13:30:00+00:00,644.5700073,647.3699951,644.4199829,646.6300049,48341100,yahoo
900000001,2025-08-28T13:30:00+00:00,2025-08-29T13:30:00+00:00,647.2399902,649.4799805,645.3400269,648.9199829,61519500,yahoo
900000001,2025-08-29T13:30:00+00:00,2025-09-02T13:30:00+00:00,647.4699707,647.8400269,643.1400146,645.0499878,74522200,yahoo
900000001,2025-09-02T13:30:00+00:00,2025-09-03T13:30:00+00:00,637.5,640.4899902,634.9199829,640.2700195,81983500,yahoo
900000001,2025-09-03T13:30:00+00:00,2025-09-04T13:30:00+00:00,642.6699829,644.210022,640.460022,643.7399902,70820900,yahoo
900000001,2025-09-04T13:30:00+00:00,2025-09-05T13:30:00+00:00,644.4199829,649.1500244,643.5100098,649.1199951,65219200,yahoo
900000001,2025-09-05T13:30:00+00:00,2025-09-08T13:30:00+00:00,651.4799805,652.210022,643.3300171,647.2399902,85178900,yahoo
900000001,2025-09-08T13:30:00+00:00,2025-09-09T13:30:00+00:00,648.6199951,649.8400269,647.2299805,648.8300171,63133100,yahoo
900000001,2025-09-09T13:30:00+00:00,2025-09-10T13:30:00+00:00,648.9699707,650.8599854,647.2199707,650.3300171,66133900,yahoo
900000001,2025-09-10T13:30:00+00:00,2025-09-11T13:30:00+00:00,653.6199951,654.5499878,650.6300049,652.210022,78034500,yahoo
900000001,2025-09-11T13:30:00+00:00,2025-09-12T13:30:00+00:00,654.1799927,658.3300171,653.5900269,657.6300049,69934400,yahoo
900000001,2025-09-12T13:30:00+00:00,2025-09-15T13:30:00+00:00,657.5999756,659.1099854,656.9000244,657.4099731,72780100,yahoo
900000001,2025-09-15T13:30:00+00:00,2025-09-16T13:30:00+00:00,659.6400146,661.039978,659.3400269,660.9099731,63772400,yahoo
900000001,2025-09-16T13:30:00+00:00,2025-09-17T13:30:00+00:00,661.4699707,661.7800293,659.210022,660,61169000,yahoo
900000001,2025-09-17T13:30:00+00:00,2025-09-18T13:30:00+00:00,660.0100098,661.7199707,654.2999878,659.1799927,101952200,yahoo
900000001,2025-09-18T13:30:00+00:00,2025-09-19T13:30:00+00:00,661.8900146,664.8900146,660.2700195,662.2600098,90459200,yahoo
900000001,2025-09-19T13:30:00+00:00,2025-09-22T13:30:00+00:00,662.3300171,664.5499878,660.3699951,663.7000122,97945600,yahoo
900000001,2025-09-22T13:30:00+00:00,2025-09-23T13:30:00+00:00,662.2000122,667.289978,662.1699829,666.8400269,69452200,yahoo
900000001,2025-09-23T13:30:00+00:00,2025-09-24T13:30:00+00:00,666.7199707,667.3400269,661.9799805,663.210022,81708900,yahoo
900000001,2025-09-24T13:30:00+00:00,2025-09-25T13:30:00+00:00,664.5100098,664.6099854,659.6699829,661.0999756,68082200,yahoo
900000001,2025-09-25T13:30:00+00:00,2025-09-26T13:30:00+00:00,657.9400024,659.4099731,654.4099731,658.0499878,89622100,yahoo
900000001,2025-09-26T13:30:00+00:00,2025-09-29T13:30:00+00:00,659.5100098,662.3699951,657.8800049,661.8200073,69179200,yahoo
900000001,2025-09-29T13:30:00+00:00,2025-09-30T13:30:00+00:00,664.3599854,665.2800293,661.8599854,663.6799927,73499000,yahoo
900000001,2025-09-30T13:30:00+00:00,2025-10-01T13:30:00+00:00,662.9299927,666.6500244,661.6099854,666.1799927,86288000,yahoo
900000001,2025-10-01T13:30:00+00:00,2025-10-02T13:30:00+00:00,663.1699829,669.3699951,663.0599976,668.4500122,72545400,yahoo
900000001,2025-10-02T13:30:00+00:00,2025-10-03T13:30:00+00:00,670.4500122,670.5700073,666.7800293,669.2199707,56896000,yahoo
900000001,2025-10-03T13:30:00+00:00,2025-10-06T13:30:00+00:00,669.9899902,672.6799927,668.1599731,669.210022,70494400,yahoo
900000001,2025-10-06T13:30:00+00:00,2025-10-07T13:30:00+00:00,671.6199951,672.5100098,669.460022,671.6099854,54623300,yahoo
900000001,2025-10-07T13:30:00+00:00,2025-10-08T13:30:00+00:00,672.539978,672.9899902,667.6699829,669.1199951,72020100,yahoo
900000001,2025-10-08T13:30:00+00:00,2025-10-09T13:30:00+00:00,670.25,673.210022,669.4199829,673.1099854,60702200,yahoo
900000001,2025-10-09T13:30:00+00:00,2025-10-10T13:30:00+00:00,673.5300293,673.9400024,669.210022,671.1599731,66501900,yahoo
900000001,2025-10-10T13:30:00+00:00,2025-10-13T13:30:00+00:00,672.1300049,673.9500122,652.8400269,653.0200195,159422600,yahoo
900000001,2025-10-13T13:30:00+00:00,2025-10-14T13:30:00+00:00,660.6500244,665.1300049,659.7700195,663.039978,79560500,yahoo
900000001,2025-10-14T13:30:00+00:00,2025-10-15T13:30:00+00:00,657.1699829,665.8300171,653.1699829,662.2299805,88779600,yahoo
900000001,2025-10-15T13:30:00+00:00,2025-10-16T13:30:00+00:00,666.8200073,670.2299805,658.9299927,665.1699829,81702600,yahoo
900000001,2025-10-16T13:30:00+00:00,2025-10-17T13:30:00+00:00,666.8200073,668.710022,657.1099854,660.6400146,110563300,yahoo
900000001,2025-10-17T13:30:00+00:00,2025-10-20T13:30:00+00:00,659.5,665.7600098,658.1400146,664.3900146,96500900,yahoo
900000001,2025-10-20T13:30:00+00:00,2025-10-21T13:30:00+00:00,667.3200073,672.210022,667.2700195,671.2999878,60493400,yahoo
900000001,2025-10-21T13:30:00+00:00,2025-10-22T13:30:00+00:00,671.4400024,672.9899902,669.9799805,671.289978,56249000,yahoo
900000001,2025-10-22T13:30:00+00:00,2025-10-23T13:30:00+00:00,672,672,663.2999878,667.7999878,80564000,yahoo
900000001,2025-10-23T13:30:00+00:00,2025-10-24T13:30:00+00:00,668.1199951,672.710022,667.7999878,671.7600098,65604500,yahoo
900000001,2025-10-24T13:30:00+00:00,2025-10-27T13:30:00+00:00,676.460022,678.4699707,675.6500244,677.25,74356500,yahoo
900000001,2025-10-27T13:30:00+00:00,2025-10-28T13:30:00+00:00,682.7299805,685.539978,682.1199951,685.2399902,63339800,yahoo
900000001,2025-10-28T13:30:00+00:00,2025-10-29T13:30:00+00:00,687.0499878,688.9099731,684.8300171,687.0599976,61738100,yahoo
900000001,2025-10-29T13:30:00+00:00,2025-10-30T13:30:00+00:00,688.7199707,689.7000122,682.8699951,687.3900146,85657100,yahoo
900000001,2025-10-30T13:30:00+00:00,2025-10-31T13:30:00+00:00,683.9000244,685.9400024,679.8300171,679.8300171,76335800,yahoo
900000001,2025-10-31T13:30:00+00:00,2025-11-03T14:30:00+00:00,685.039978,685.0800171,679.2399902,682.0599976,87164100,yahoo
900000001,2025-11-03T14:30:00+00:00,2025-11-04T14:30:00+00:00,685.6699829,685.7999878,679.9400024,683.3400269,57315000,yahoo
900000001,2025-11-04T14:30:00+00:00,2025-11-05T14:30:00+00:00,676.1099854,679.960022,674.5800171,675.2399902,78427000,yahoo
900000001,2025-11-05T14:30:00+00:00,2025-11-06T14:30:00+00:00,674.9799805,680.8599854,674.1699829,677.5800171,74402400,yahoo
900000001,2025-11-06T14:30:00+00:00,2025-11-07T14:30:00+00:00,676.4699707,677.3800049,668.7199707,670.3099976,85035300,yahoo
900000001,2025-11-07T14:30:00+00:00,2025-11-10T14:30:00+00:00,667.9099731,671.0800171,661.210022,670.9699707,100592400,yahoo
900000001,2025-11-10T14:30:00+00:00,2025-11-11T14:30:00+00:00,677.2399902,682.1799927,675.0300293,681.4400024,75842900,yahoo
900000001,2025-11-11T14:30:00+00:00,2025-11-12T14:30:00+00:00,679.9500122,683.5700073,678.7299805,683,58953400,yahoo
900000001,2025-11-12T14:30:00+00:00,2025-11-13T14:30:00+00:00,684.789978,684.960022,680.9500122,683.3800049,62312500,yahoo
900000001,2025-11-13T14:30:00+00:00,2025-11-14T14:30:00+00:00,680.5,680.8599854,670.5200195,672.039978,103457800,yahoo
900000001,2025-11-14T14:30:00+00:00,2025-11-17T14:30:00+00:00,665.3800049,675.6599731,663.2700195,671.9299927,96846700,yahoo
900000001,2025-11-17T14:30:00+00:00,2025-11-18T14:30:00+00:00,669.7000122,673.710022,662.1699829,665.6699829,90456100,yahoo
900000001,2025-11-18T14:30:00+00:00,2025-11-19T14:30:00+00:00,662.0999756,665.1199951,655.8599854,660.0800171,114467500,yahoo
900000001,2025-11-19T14:30:00+00:00,2025-11-20T14:30:00+00:00,660.7800293,667.3400269,658.75,662.6300049,94703000,yahoo
900000001,2025-11-20T14:30:00+00:00,2025-11-21T14:30:00+00:00,672.9099731,675.5599976,651.8900146,652.5300293,165293500,yahoo
900000001,2025-11-21T14:30:00+00:00,2025-11-24T14:30:00+00:00,655.0499878,664.5499878,650.8499756,659.0300293,123956200,yahoo
900000001,2025-11-24T14:30:00+00:00,2025-11-25T14:30:00+00:00,662.6900024,670.0599976,661.5900269,668.7299805,80437900,yahoo
900000001,2025-11-25T14:30:00+00:00,2025-11-26T14:30:00+00:00,668.6300049,676.210022,664.4799805,675.0200195,81077100,yahoo
900000001,2025-11-26T14:30:00+00:00,2025-11-28T14:30:00+00:00,677.6300049,681.7000122,676.7199707,679.6799927,71879600,yahoo
900000001,2025-11-28T14:30:00+00:00,2025-12-01T14:30:00+00:00,680.8599854,683.6699829,680.5,683.3900146,49212000,yahoo
900000001,2025-12-01T14:30:00+00:00,2025-12-02T14:30:00+00:00,678.8099976,682.9899902,678.7399902,680.2700195,61201200,yahoo
900000001,2025-12-02T14:30:00+00:00,2025-12-03T14:30:00+00:00,681.9199829,683.8200073,679.3300171,681.5300293,62953800,yahoo
900000001,2025-12-03T14:30:00+00:00,2025-12-04T14:30:00+00:00,680.5700073,684.9099731,679.6900024,683.8900146,57238500,yahoo
900000001,2025-12-04T14:30:00+00:00,2025-12-05T14:30:00+00:00,685.2999878,685.3699951,681.3400269,684.3900146,61970300,yahoo
900000001,2025-12-05T14:30:00+00:00,2025-12-08T14:30:00+00:00,685.4699707,688.3900146,684.5800171,685.6900024,79241000,yahoo
900000001,2025-12-08T14:30:00+00:00,2025-12-09T14:30:00+00:00,686.5900269,686.6400146,681.5700073,683.6300049,55231500,yahoo
900000001,2025-12-09T14:30:00+00:00,2025-12-10T14:30:00+00:00,683.1500244,685.3900146,682.5900269,683.039978,58310100,yahoo
900000001,2025-12-10T14:30:00+00:00,2025-12-11T14:30:00+00:00,682.5599976,688.9699707,681.3099976,687.5700073,85671300,yahoo
900000001,2025-12-11T14:30:00+00:00,2025-12-12T14:30:00+00:00,685.1400146,689.25,682.1699829,689.1699829,86173700,yahoo
900000001,2025-12-12T14:30:00+00:00,2025-12-15T14:30:00+00:00,688.1699829,688.8800049,679.1699829,681.7600098,113160300,yahoo
900000001,2025-12-15T14:30:00+00:00,2025-12-16T14:30:00+00:00,685.7399902,685.7600098,679.25,680.7299805,90811000,yahoo
900000001,2025-12-16T14:30:00+00:00,2025-12-17T14:30:00+00:00,679.2299805,681.0800171,674.9799805,678.8699951,122030600,yahoo
900000001,2025-12-17T14:30:00+00:00,2025-12-18T14:30:00+00:00,679.8900146,680.4400024,671.2000122,671.4000244,110625200,yahoo
900000001,2025-12-18T14:30:00+00:00,2025-12-19T14:30:00+00:00,677.5999756,680.7399902,674.9000244,676.4699707,108650100,yahoo
900000001,2025-12-19T14:30:00+00:00,2025-12-22T14:30:00+00:00,676.5900269,681.0900269,676.4699707,680.5900269,103599500,yahoo
900000001,2025-12-22T14:30:00+00:00,2025-12-23T14:30:00+00:00,683.9400024,685.3599854,680.5900269,684.8300171,69556700,yahoo
900000001,2025-12-23T14:30:00+00:00,2025-12-24T14:30:00+00:00,683.9199829,688.2000122,683.8699951,687.960022,64840000,yahoo
900000001,2025-12-24T14:30:00+00:00,2025-12-26T14:30:00+00:00,687.9500122,690.8300171,687.7999878,690.3800049,39445600,yahoo
900000001,2025-12-26T14:30:00+00:00,2025-12-29T14:30:00+00:00,690.6400146,691.6599731,689.2700195,690.3099976,41613300,yahoo
900000001,2025-12-29T14:30:00+00:00,2025-12-30T14:30:00+00:00,687.539978,689.2000122,686.0700073,687.8499756,62559500,yahoo
900000001,2025-12-30T14:30:00+00:00,2025-12-31T14:30:00+00:00,687.4500122,688.5599976,686.5800171,687.0100098,47160700,yahoo
900000001,2025-12-31T14:30:00+00:00,2026-01-02T14:30:00+00:00,687.1400146,687.3599854,681.710022,681.9199829,74144800,yahoo
900000001,2026-01-02T14:30:00+00:00,2026-01-05T14:30:00+00:00,685.710022,686.8699951,679.8200073,683.1699829,89377200,yahoo
900000001,2026-01-05T14:30:00+00:00,2026-01-06T14:30:00+00:00,686.539978,689.4299927,686.3800049,687.7199707,71927200,yahoo
900000001,2026-01-06T14:30:00+00:00,2026-01-07T14:30:00+00:00,687.9299927,692.3200073,687.7800293,691.8099976,69273800,yahoo
900000001,2026-01-07T14:30:00+00:00,2026-01-08T14:30:00+00:00,692.1900024,693.960022,689.3200073,689.5800171,75588300,yahoo
900000001,2026-01-08T14:30:00+00:00,2026-01-09T14:30:00+00:00,688.8200073,690.6199951,687.4899902,689.5100098,64019200,yahoo
900000001,2026-01-09T14:30:00+00:00,2026-01-12T14:30:00+00:00,690.6300049,695.3099976,689.1799927,694.0700073,80125500,yahoo
900000001,2026-01-12T14:30:00+00:00,2026-01-13T14:30:00+00:00,690.6799927,696.0900269,690.6300049,695.1599731,63976000,yahoo
900000001,2026-01-13T14:30:00+00:00,2026-01-14T14:30:00+00:00,695.4899902,696.0900269,691.3499756,693.7700195,78309700,yahoo
900000001,2026-01-14T14:30:00+00:00,2026-01-15T14:30:00+00:00,691,691.7199707,686.039978,690.3599854,94676700,yahoo
900000001,2026-01-15T14:30:00+00:00,2026-01-16T14:30:00+00:00,694.5700073,695.4500122,691.25,692.2399902,77862000,yahoo
900000001,2026-01-16T14:30:00+00:00,2026-01-20T14:30:00+00:00,693.6599731,694.25,690.0999756,691.6599731,79289200,yahoo
900000001,2026-01-20T14:30:00+00:00,2026-01-21T14:30:00+00:00,681.4899902,684.7700195,676.5700073,677.5800171,111623300,yahoo
900000001,2026-01-21T14:30:00+00:00,2026-01-22T14:30:00+00:00,679.6500244,688.7399902,678.1300049,685.4000244,127844500,yahoo
900000001,2026-01-22T14:30:00+00:00,2026-01-23T14:30:00+00:00,689.8499756,691.1300049,686.9199829,688.9799805,77112200,yahoo
900000001,2026-01-23T14:30:00+00:00,2026-01-26T14:30:00+00:00,688.1500244,690.960022,687.1599731,689.2299805,63059600,yahoo
900000001,2026-01-26T14:30:00+00:00,2026-01-27T14:30:00+00:00,690.4899902,694.1300049,689.9199829,692.7299805,60473800,yahoo
900000001,2026-01-27T14:30:00+00:00,2026-01-28T14:30:00+00:00,694.1799927,696.5300293,693.5700073,695.4899902,55506100,yahoo
900000001,2026-01-28T14:30:00+00:00,2026-01-29T14:30:00+00:00,697.0499878,697.8400269,693.9400024,695.4199829,61172200,yahoo
900000001,2026-01-29T14:30:00+00:00,2026-01-30T14:30:00+00:00,696.3900146,697.0599976,684.8300171,694.039978,97486200,yahoo
900000001,2026-01-30T14:30:00+00:00,2026-02-02T14:30:00+00:00,691.789978,694.210022,687.1199951,691.9699707,101835100,yahoo
900000001,2026-02-02T14:30:00+00:00,2026-02-03T14:30:00+00:00,689.5800171,696.9299927,689.4199829,695.4099731,79286500,yahoo
900000001,2026-02-03T14:30:00+00:00,2026-02-04T14:30:00+00:00,696.210022,696.960022,684.0300293,689.5300293,107904600,yahoo
900000001,2026-02-04T14:30:00+00:00,2026-02-05T14:30:00+00:00,690.3499756,691.4500122,681.7600098,686.1900024,105204600,yahoo
900000001,2026-02-05T14:30:00+00:00,2026-02-06T14:30:00+00:00,680.9400024,683.6900024,675.789978,677.6199951,113610800,yahoo
900000001,2026-02-06T14:30:00+00:00,2026-02-09T14:30:00+00:00,681.460022,692.3099976,680.8499756,690.6199951,89127600,yahoo
900000001,2026-02-09T14:30:00+00:00,2026-02-10T14:30:00+00:00,689.4199829,695.8699951,688.3400269,693.9500122,73885200,yahoo
900000001,2026-02-10T14:30:00+00:00,2026-02-11T14:30:00+00:00,694.9500122,696.539978,691.6599731,692.1199951,65185700,yahoo
900000001,2026-02-11T14:30:00+00:00,2026-02-12T14:30:00+00:00,696.3900146,697.1400146,689.1799927,691.960022,76353900,yahoo
900000001,2026-02-12T14:30:00+00:00,2026-02-13T14:30:00+00:00,694.2399902,695.3499756,680.3699951,681.2700195,118829000,yahoo
900000001,2026-02-13T14:30:00+00:00,2026-02-17T14:30:00+00:00,681.6900024,686.2800293,677.5200195,681.75,96267500,yahoo
900000001,2026-02-17T14:30:00+00:00,2026-02-18T14:30:00+00:00,680.1400146,684.9400024,675.7800293,682.8499756,81354700,yahoo
900000001,2026-02-18T14:30:00+00:00,2026-02-19T14:30:00+00:00,684.0200195,689.1500244,682.8300171,686.289978,73570300,yahoo
900000001,2026-02-19T14:30:00+00:00,2026-02-20T14:30:00+00:00,683.8400269,686.1799927,681.5499878,684.4799805,58649400,yahoo
900000001,2026-02-20T14:30:00+00:00,2026-02-23T14:30:00+00:00,682.3200073,690.0599976,681.7299805,689.4299927,100034000,yahoo
900000001,2026-02-23T14:30:00+00:00,2026-02-24T14:30:00+00:00,687.8300171,690,680.3699951,682.3900146,90558100,yahoo
900000001,2026-02-24T14:30:00+00:00,2026-02-25T14:30:00+00:00,681.9000244,688.3499756,680,687.3499756,73798700,yahoo
900000001,2026-02-25T14:30:00+00:00,2026-02-26T14:30:00+00:00,690.1799927,693.6799927,690.0999756,693.1500244,56369500,yahoo
900000001,2026-02-26T14:30:00+00:00,2026-02-27T14:30:00+00:00,693.2800293,693.2999878,684.3499756,689.2999878,71671000,yahoo
900000001,2026-02-27T14:30:00+00:00,2026-03-02T14:30:00+00:00,683.0900269,686.8599854,681.6400146,685.9899902,83308900,yahoo
900000001,2026-03-02T14:30:00+00:00,2026-03-03T14:30:00+00:00,678.7000122,688.6199951,678.0200195,686.3800049,87477200,yahoo
900000001,2026-03-03T14:30:00+00:00,2026-03-04T14:30:00+00:00,675.0599976,682.6099854,669.6599731,680.3300171,105003100,yahoo
900000001,2026-03-04T14:30:00+00:00,2026-03-05T14:30:00+00:00,681.6300049,687.0900269,679.6199951,685.1300049,79182200,yahoo
900000001,2026-03-05T14:30:00+00:00,2026-03-06T14:30:00+00:00,682.0800171,685.5300293,675.6099854,681.3099976,106606500,yahoo
900000001,2026-03-06T14:30:00+00:00,2026-03-09T13:30:00+00:00,673.4099731,676.1099854,669.7600098,672.3800049,100687000,yahoo
900000001,2026-03-09T13:30:00+00:00,2026-03-10T13:30:00+00:00,666.3900146,679.9199829,662.3900146,678.2700195,102667700,yahoo
900000001,2026-03-10T13:30:00+00:00,2026-03-11T13:30:00+00:00,677.7199707,683.3599854,674.7600098,677.1799927,81505300,yahoo
900000001,2026-03-11T13:30:00+00:00,2026-03-12T13:30:00+00:00,677.5800171,680.0800171,673.3400269,676.3300171,68441700,yahoo
900000001,2026-03-12T13:30:00+00:00,2026-03-13T13:30:00+00:00,671.1599731,671.6500244,665.8699951,666.0599976,108882200,yahoo
900000001,2026-03-13T13:30:00+00:00,2026-03-16T13:30:00+00:00,669.2700195,672.3400269,661.3599854,662.289978,97200200,yahoo
900000001,2026-03-16T13:30:00+00:00,2026-03-17T13:30:00+00:00,668.3800049,672.0700073,667.1199951,669.0300293,82023100,yahoo
900000001,2026-03-17T13:30:00+00:00,2026-03-18T13:30:00+00:00,672.3900146,674.4400024,669.7000122,670.789978,87128000,yahoo
900000001,2026-03-18T13:30:00+00:00,2026-03-19T13:30:00+00:00,668.3599854,669.7199707,661.1900024,661.4299927,82062600,yahoo
900000001,2026-03-19T13:30:00+00:00,2026-03-20T13:30:00+00:00,656.9699707,662.9799805,655.1699829,659.7999878,111272500,yahoo
900000001,2026-03-20T13:30:00+00:00,2026-03-23T13:30:00+00:00,656.5100098,656.6900024,644.7199707,648.5700073,163617500,yahoo
900000001,2026-03-23T13:30:00+00:00,2026-03-24T13:30:00+00:00,658.0700073,662.6199951,653.9400024,655.3800049,134802700,yahoo
900000001,2026-03-24T13:30:00+00:00,2026-03-25T13:30:00+00:00,651.3200073,657.0300293,649.8800049,653.1799927,96457500,yahoo
900000001,2026-03-25T13:30:00+00:00,2026-03-26T13:30:00+00:00,658.6699829,660.8900146,654.2399902,656.8200073,90653800,yahoo
900000001,2026-03-26T13:30:00+00:00,2026-03-27T13:30:00+00:00,652.0599976,654.8499756,644.8200073,645.0900269,96494400,yahoo
900000001,2026-03-27T13:30:00+00:00,2026-03-30T13:30:00+00:00,642.5,642.6599731,633.1099854,634.0900269,103649400,yahoo
900000001,2026-03-30T13:30:00+00:00,2026-03-31T13:30:00+00:00,640.1099854,640.3699951,629.2800293,631.9699707,99275900,yahoo
900000001,2026-03-31T13:30:00+00:00,2026-04-01T13:30:00+00:00,638.9400024,651.539978,637.9799805,650.3400269,152534100,yahoo
900000001,2026-04-01T13:30:00+00:00,2026-04-02T13:30:00+00:00,653.9000244,658.5200195,653,655.2399902,97841500,yahoo
900000001,2026-04-02T13:30:00+00:00,2026-04-06T13:30:00+00:00,646.4199829,658.2000122,645.1099854,655.8300171,68358700,yahoo
900000001,2026-04-06T13:30:00+00:00,2026-04-07T13:30:00+00:00,655.8599854,659.7199707,655.5200195,658.9299927,39105800,yahoo
900000001,2026-04-07T13:30:00+00:00,2026-04-08T13:30:00+00:00,656.6500244,659.6099854,651.0599976,659.2199707,69980400,yahoo
900000001,2026-04-08T13:30:00+00:00,2026-04-09T13:30:00+00:00,676.3900146,677.0800171,671.460022,676.0100098,93606100,yahoo
900000001,2026-04-09T13:30:00+00:00,2026-04-10T13:30:00+00:00,674.8400269,681.1599731,673.7700195,679.9099731,57134400,yahoo
900000001,2026-04-10T13:30:00+00:00,2026-04-13T13:30:00+00:00,681.3200073,682.0300293,678.4500122,679.460022,42253500,yahoo
900000001,2026-04-13T13:30:00+00:00,2026-04-14T13:30:00+00:00,677.4099731,686.2999878,676.5800171,686.0999756,54185800,yahoo
900000001,2026-04-14T13:30:00+00:00,2026-04-15T13:30:00+00:00,687.6900024,694.5800171,687.6599731,694.460022,63480500,yahoo
900000001,2026-04-15T13:30:00+00:00,2026-04-16T13:30:00+00:00,695.2600098,700.2800293,694.2000122,699.9400024,58240400,yahoo
900000001,2026-04-16T13:30:00+00:00,2026-04-17T13:30:00+00:00,701.0599976,702.7800293,698.5300293,701.6599731,49972400,yahoo
900000001,2026-04-17T13:30:00+00:00,2026-04-20T13:30:00+00:00,706.1400146,712.3900146,705.7600098,710.1400146,70661900,yahoo
900000001,2026-04-20T13:30:00+00:00,2026-04-21T13:30:00+00:00,708.7800293,709.9099731,706.1400146,708.7199707,43546800,yahoo
900000001,2026-04-21T13:30:00+00:00,2026-04-22T13:30:00+00:00,710.2800293,711.2800293,702.6400146,704.0800171,58941400,yahoo
900000001,2026-04-22T13:30:00+00:00,2026-04-23T13:30:00+00:00,709.1500244,711.4500122,708.2199707,711.210022,42518500,yahoo
900000001,2026-04-23T13:30:00+00:00,2026-04-24T13:30:00+00:00,709.5,712.3599854,702.2800293,708.4500122,56174000,yahoo
900000001,2026-04-24T13:30:00+00:00,2026-04-27T13:30:00+00:00,710.75,714.4699707,709.0100098,713.9400024,45182000,yahoo
900000001,2026-04-27T13:30:00+00:00,2026-04-28T13:30:00+00:00,713.1699829,715.6300049,712.2999878,715.1699829,33135900,yahoo
900000001,2026-04-28T13:30:00+00:00,2026-04-29T13:30:00+00:00,711.8200073,712.8800049,709.25,711.6900024,43117400,yahoo
900000001,2026-04-29T13:30:00+00:00,2026-04-30T13:30:00+00:00,711,712.2000122,708.3699951,711.5800171,41859200,yahoo
900000001,2026-04-30T13:30:00+00:00,2026-05-01T13:30:00+00:00,714.6300049,719.789978,710.4500122,718.6599731,67240900,yahoo
900000001,2026-05-01T13:30:00+00:00,2026-05-04T13:30:00+00:00,721.25,724.8699951,720.4699707,720.6500244,43049800,yahoo
900000001,2026-05-04T13:30:00+00:00,2026-05-05T13:30:00+00:00,720.0700073,722.1199951,714.9899902,718.0100098,51950600,yahoo
900000001,2026-05-05T13:30:00+00:00,2026-05-06T13:30:00+00:00,721.7700195,725.039978,721.4899902,723.7700195,36933200,yahoo
900000001,2026-05-06T13:30:00+00:00,2026-05-07T13:30:00+00:00,728.1599731,734.5900269,727.8200073,733.8300171,53288900,yahoo
900000001,2026-05-07T13:30:00+00:00,2026-05-08T13:30:00+00:00,735.0499878,736.1300049,729.75,731.5800171,51724600,yahoo
900000001,2026-05-08T13:30:00+00:00,2026-05-11T13:30:00+00:00,734.9299927,738.0800171,734.5700073,737.6199951,47227100,yahoo
900000001,2026-05-11T13:30:00+00:00,2026-05-12T13:30:00+00:00,736.4500122,740.789978,736.4500122,739.2999878,44024000,yahoo
900000001,2026-05-12T13:30:00+00:00,2026-05-13T13:30:00+00:00,736.8900146,738.8400269,731.8300171,738.1799927,54185300,yahoo
900000001,2026-05-13T13:30:00+00:00,2026-05-14T13:30:00+00:00,738.4699707,743.9099731,735.4699707,742.3099976,44200200,yahoo
900000001,2026-05-14T13:30:00+00:00,2026-05-15T13:30:00+00:00,743.6500244,749.5300293,743.5599976,748.1699829,45231100,yahoo
900000001,2026-05-15T13:30:00+00:00,2026-05-15T13:30:00+00:00,741.789978,742.6799927,737.960022,740.960022,18154994,yahoo
